timestamp_utc,edge_id,requested_lat,requested_lon,highway_tag,frc,currentSpeed,freeFlowSpeed,currentTravelTime,freeFlowTravelTime,confidence,roadClosure,matched_lat,matched_lon,match_distance_m,valid_match,error
2026-08-24T00:00:59.883506+00:00,703,-6.235444892859697,106.75583232857385,complex_corridor,FRC2,28,28,6,6,1.0,False,-6.235637002833079,106.75573958241279,23.694334982762854,True,
2026-08-24T00:01:00.164643+00:00,821,-6.288795825000754,106.77763638750048,complex_corridor,FRC1,14,31,78,35,1.0,False,-6.288676397337788,106.77774978959411,18.260596237349766,True,
2026-08-24T00:01:00.431031+00:00,1336,-6.235382350000007,106.7560557,complex_corridor,FRC2,20,26,13,10,0.95,False,-6.235851643158244,106.75634307944131,61.09133400248038,True,
2026-08-24T00:01:00.701773+00:00,2187,-6.234661449999994,106.7555585,complex_corridor,FRC2,39,39,18,18,1.0,False,-6.235295044618109,106.75596622907466,83.63486690954973,True,
2026-08-24T00:01:00.981632+00:00,2188,-6.233655599999991,106.75488135,complex_corridor,FRC2,30,30,32,32,1.0,False,-6.233742064909034,106.75495503627582,12.600808704103487,True,
2026-08-24T00:01:01.265869+00:00,2298,-6.288583799999989,106.77784095,complex_corridor,FRC1,31,41,451,341,1.0,False,-6.288634823320289,106.77780477487897,6.94084144102375,True,
2026-08-24T00:01:01.531394+00:00,2322,-6.2884621,106.7781152,complex_corridor,FRC1,18,25,77,56,1.0,False,-6.288455113550981,106.77822722279888,12.405765015820144,True,
2026-08-24T00:01:01.796690+00:00,2459,-6.23996075,106.79819865,complex_corridor,FRC3,20,28,568,405,1.0,False,-6.239927209643448,106.79835988366938,18.208192291717626,True,
2026-08-24T00:01:02.065399+00:00,2660,-6.288887410002579,106.77817204999796,complex_corridor,FRC1,9,14,49,31,1.0,False,-6.289080056713849,106.77821112954479,21.852459789678804,True,
2026-08-24T00:01:02.351274+00:00,2731,-6.240104349999994,106.79819525,complex_corridor,FRC1,21,21,285,285,1.0,False,-6.254711568502923,106.79717434728451,1628.1638385691926,False,
2026-08-24T00:01:02.683997+00:00,2979,-6.239918790000258,106.79844824999957,complex_corridor,FRC2,15,15,2,2,1.0,False,-6.239928542802509,106.79846583092547,2.2254395550977346,True,
2026-08-24T00:01:02.960699+00:00,3134,-6.2892448600025785,106.77855074999796,complex_corridor,FRC1,8,22,32,11,1.0,False,-6.289262432333267,106.778499467014,5.995427904385316,True,
2026-08-24T00:01:03.265922+00:00,3164,-6.239840140000258,106.79869149999956,complex_corridor,FRC2,24,24,145,145,1.0,False,-6.23981997364873,106.79856239045006,14.446370748590217,True,
2026-08-24T00:01:03.533850+00:00,3940,-6.242815700000143,106.84290446666662,complex_corridor,FRC2,9,20,44,20,0.99,False,-6.242610768682978,106.84288187111798,22.923789898286447,True,
2026-08-24T00:01:03.805317+00:00,3995,-6.2428431,106.8426503,complex_corridor,FRC2,32,32,8,8,1.0,False,-6.24270333943449,106.84230519617961,41.19038604817657,True,
2026-08-24T00:01:04.077099+00:00,4135,-6.242451300001405,106.84346441666648,complex_corridor,FRC3,18,27,23,15,1.0,False,-6.24264159782794,106.84303341592732,52.128779444682614,True,
2026-08-24T00:01:04.367221+00:00,4174,-6.242622250001264,106.84418269999986,complex_corridor,FRC3,21,21,14,14,1.0,False,-6.242365385288672,106.84405667866673,31.777844988721665,True,
2026-08-24T00:01:04.633605+00:00,4307,-6.237238257899974,106.8272395210502,complex_corridor,FRC2,21,21,6,6,1.0,False,-6.237236971031365,106.82743234718856,21.314848279038795,True,
2026-08-24T00:01:04.901655+00:00,4312,-6.237042057899963,106.8269344210502,complex_corridor,FRC2,23,23,6,6,1.0,False,-6.237208807900389,106.82690797532604,18.770772040768108,True,
2026-08-24T00:01:05.185941+00:00,4383,-6.255330045001537,106.84307333999776,complex_corridor,FRC4,25,25,7,7,1.0,False,-6.255170245392188,106.84296367849294,21.509477825194235,True,
2026-08-24T00:01:05.533839+00:00,4421,-6.237577607899957,106.82686737105018,complex_corridor,FRC3,19,19,25,25,1.0,False,-6.237416698431964,106.82692406858013,18.95817050701808,True,
2026-08-24T00:01:05.810216+00:00,5234,-6.255677025000373,106.8431710999986,complex_corridor,FRC4,23,23,6,6,1.0,False,-6.25559934329838,106.84329627241084,16.310649749926508,True,
2026-08-24T00:01:06.073606+00:00,5259,-6.255508725000373,106.84360214999862,complex_corridor,FRC4,25,29,344,297,1.0,False,-6.255457199448482,106.84295563186589,71.6908067558573,True,
2026-08-24T00:01:06.342820+00:00,5296,-6.242909649999996,106.84406470000002,complex_corridor,FRC2,35,35,40,40,1.0,False,-6.24287098327402,106.84404058541264,5.0587612651154314,True,
2026-08-24T00:15:53.350591+00:00,703,-6.235444892859697,106.75583232857385,complex_corridor,FRC2,28,28,6,6,1,False,-6.235637002833079,106.75573958241279,23.694334982762854,True,
2026-08-24T00:15:53.648284+00:00,821,-6.288795825000754,106.77763638750048,complex_corridor,FRC1,14,31,78,35,1,False,-6.288676397337788,106.77774978959411,18.260596237349766,True,
2026-08-24T00:15:53.945179+00:00,1336,-6.235382350000007,106.7560557,complex_corridor,FRC2,27,27,9,9,1,False,-6.235851643158244,106.75634307944131,61.09133400248038,True,
2026-08-24T00:15:54.241413+00:00,2187,-6.234661449999994,106.7555585,complex_corridor,FRC2,39,39,18,18,1,False,-6.235295044618109,106.75596622907466,83.63486690954973,True,
2026-08-24T00:15:54.547911+00:00,2188,-6.233655599999991,106.75488135,complex_corridor,FRC2,30,30,32,32,1,False,-6.233742064909034,106.75495503627582,12.600808704103487,True,
2026-08-24T00:15:54.842974+00:00,2298,-6.288583799999989,106.77784095,complex_corridor,FRC1,30,40,466,350,1,False,-6.288634823320289,106.77780477487897,6.94084144102375,True,
2026-08-24T00:15:55.136852+00:00,2322,-6.2884621,106.7781152,complex_corridor,FRC1,11,25,127,56,1,False,-6.288455113550981,106.77822722279888,12.405765015820144,True,
2026-08-24T00:15:55.437445+00:00,2459,-6.23996075,106.79819865,complex_corridor,FRC3,22,28,516,405,1,False,-6.239927209643448,106.79835988366938,18.208192291717626,True,
2026-08-24T00:15:55.733917+00:00,2660,-6.288887410002579,106.77817204999796,complex_corridor,FRC1,9,15,49,29,1,False,-6.289080056713849,106.77821112954479,21.852459789678804,True,
2026-08-24T00:15:56.035069+00:00,2731,-6.240104349999994,106.79819525,complex_corridor,FRC1,21,21,285,285,1,False,-6.254711568502923,106.79717434728451,1628.1638385691926,False,
2026-08-24T00:15:56.329602+00:00,2979,-6.239918790000258,106.79844824999957,complex_corridor,FRC2,10,13,4,3,1,False,-6.239928542802509,106.79846583092547,2.2254395550977346,True,
2026-08-24T00:15:56.625069+00:00,3134,-6.2892448600025785,106.77855074999796,complex_corridor,FRC1,8,21,32,12,1,False,-6.289262432333267,106.778499467014,5.995427904385316,True,
2026-08-24T00:15:56.928989+00:00,3164,-6.239840140000258,106.79869149999956,complex_corridor,FRC2,24,24,145,145,1,False,-6.23981997364873,106.79856239045006,14.446370748590217,True,
2026-08-24T00:15:57.224983+00:00,3940,-6.242815700000143,106.84290446666662,complex_corridor,FRC2,21,21,19,19,1,False,-6.242610768682978,106.84288187111798,22.923789898286447,True,
2026-08-24T00:15:57.522984+00:00,3995,-6.2428431,106.8426503,complex_corridor,FRC2,32,32,8,8,1,False,-6.24270333943449,106.84230519617961,41.19038604817657,True,
2026-08-24T00:15:57.823334+00:00,4135,-6.242451300001405,106.84346441666648,complex_corridor,FRC3,20,26,20,16,1,False,-6.24264159782794,106.84303341592732,52.128779444682614,True,
2026-08-24T00:15:58.115755+00:00,4174,-6.242622250001264,106.84418269999986,complex_corridor,FRC3,21,21,14,14,1,False,-6.242365385288672,106.84405667866673,31.777844988721665,True,
2026-08-24T00:15:58.425713+00:00,4307,-6.237238257899974,106.8272395210502,complex_corridor,FRC2,21,21,6,6,1,False,-6.237236971031365,106.82743234718856,21.314848279038795,True,
2026-08-24T00:15:58.749776+00:00,4312,-6.237042057899963,106.8269344210502,complex_corridor,FRC2,23,23,6,6,1,False,-6.237208807900389,106.82690797532604,18.770772040768108,True,
2026-08-24T00:15:59.044615+00:00,4383,-6.255330045001537,106.84307333999776,complex_corridor,FRC4,25,25,7,7,1,False,-6.255170245392188,106.84296367849294,21.509477825194235,True,
2026-08-24T00:15:59.351598+00:00,4421,-6.237577607899957,106.82686737105018,complex_corridor,FRC3,19,19,25,25,1,False,-6.237416698431964,106.82692406858013,18.95817050701808,True,
2026-08-24T00:15:59.654077+00:00,5234,-6.255677025000373,106.8431710999986,complex_corridor,FRC4,23,23,6,6,1,False,-6.25559934329838,106.84329627241084,16.310649749926508,True,
2026-08-24T00:15:59.949778+00:00,5259,-6.255508725000373,106.84360214999862,complex_corridor,FRC4,23,29,374,297,1,False,-6.255457199448482,106.84295563186589,71.6908067558573,True,
2026-08-24T00:16:00.256790+00:00,5296,-6.242909649999996,106.84406470000002,complex_corridor,FRC2,35,35,40,40,1,False,-6.24287098327402,106.84404058541264,5.0587612651154314,True,
2026-08-24T00:30:54.720193+00:00,703,-6.235444892859697,106.75583232857385,complex_corridor,FRC2,28,28,6,6,1.0,False,-6.235637002833079,106.75573958241279,23.694334982762854,True,
2026-08-24T00:30:54.987869+00:00,821,-6.288795825000754,106.77763638750048,complex_corridor,FRC1,14,30,78,36,1.0,False,-6.288676397337788,106.77774978959411,18.260596237349766,True,
2026-08-24T00:30:55.309641+00:00,1336,-6.235382350000007,106.7560557,complex_corridor,FRC2,27,27,9,9,1.0,False,-6.235851643158244,106.75634307944131,61.09133400248038,True,
2026-08-24T00:30:55.581875+00:00,2187,-6.234661449999994,106.7555585,complex_corridor,FRC2,39,39,18,18,1.0,False,-6.235295044618109,106.75596622907466,83.63486690954973,True,
2026-08-24T00:30:55.876741+00:00,2188,-6.233655599999991,106.75488135,complex_corridor,FRC2,30,30,32,32,1.0,False,-6.233742064909034,106.75495503627582,12.600808704103487,True,
2026-08-24T00:30:56.150742+00:00,2298,-6.288583799999989,106.77784095,complex_corridor,FRC1,27,41,518,341,1.0,False,-6.288634823320289,106.77780477487897,6.94084144102375,True,
2026-08-24T00:30:56.424003+00:00,2322,-6.2884621,106.7781152,complex_corridor,FRC1,16,25,87,56,0.99,False,-6.288455113550981,106.77822722279888,12.405765015820144,True,
2026-08-24T00:30:56.691184+00:00,2459,-6.23996075,106.79819865,complex_corridor,FRC3,20,27,568,420,1.0,False,-6.239927209643448,106.79835988366938,18.208192291717626,True,
2026-08-24T00:30:56.968853+00:00,2660,-6.288887410002579,106.77817204999796,complex_corridor,FRC1,18,20,24,22,1.0,False,-6.289080056713849,106.77821112954479,21.852459789678804,True,
2026-08-24T00:30:57.250665+00:00,2731,-6.240104349999994,106.79819525,complex_corridor,FRC1,21,21,285,285,1.0,False,-6.254711568502923,106.79717434728451,1628.1638385691926,False,
2026-08-24T00:30:57.516180+00:00,2979,-6.239918790000258,106.79844824999957,complex_corridor,FRC2,12,15,3,2,1.0,False,-6.239928542802509,106.79846583092547,2.2254395550977346,True,
2026-08-24T00:30:57.782376+00:00,3134,-6.2892448600025785,106.77855074999796,complex_corridor,FRC1,22,22,11,11,1.0,False,-6.289262432333267,106.778499467014,5.995427904385316,True,
2026-08-24T00:30:58.047368+00:00,3164,-6.239840140000258,106.79869149999956,complex_corridor,FRC2,24,24,145,145,1.0,False,-6.23981997364873,106.79856239045006,14.446370748590217,True,
2026-08-24T00:30:58.321325+00:00,3940,-6.242815700000143,106.84290446666662,complex_corridor,FRC2,21,21,19,19,1.0,False,-6.242610768682978,106.84288187111798,22.923789898286447,True,
2026-08-24T00:30:58.588483+00:00,3995,-6.2428431,106.8426503,complex_corridor,FRC2,32,32,8,8,1.0,False,-6.24270333943449,106.84230519617961,41.19038604817657,True,
2026-08-24T00:30:58.852882+00:00,4135,-6.242451300001405,106.84346441666648,complex_corridor,FRC3,27,27,15,15,1.0,False,-6.24264159782794,106.84303341592732,52.128779444682614,True,
2026-08-24T00:30:59.120199+00:00,4174,-6.242622250001264,106.84418269999986,complex_corridor,FRC3,21,21,14,14,1.0,False,-6.242365385288672,106.84405667866673,31.777844988721665,True,
2026-08-24T00:30:59.385146+00:00,4307,-6.237238257899974,106.8272395210502,complex_corridor,FRC2,14,21,9,6,0.98,False,-6.237236971031365,106.82743234718856,21.314848279038795,True,
2026-08-24T00:30:59.662302+00:00,4312,-6.237042057899963,106.8269344210502,complex_corridor,FRC2,23,23,6,6,1.0,False,-6.237208807900389,106.82690797532604,18.770772040768108,True,
2026-08-24T00:30:59.931552+00:00,4383,-6.255330045001537,106.84307333999776,complex_corridor,FRC4,25,25,7,7,1.0,False,-6.255170245392188,106.84296367849294,21.509477825194235,True,
2026-08-24T00:31:00.201533+00:00,4421,-6.237577607899957,106.82686737105018,complex_corridor,FRC3,19,19,25,25,1.0,False,-6.237416698431964,106.82692406858013,18.95817050701808,True,
2026-08-24T00:31:00.474061+00:00,5234,-6.255677025000373,106.8431710999986,complex_corridor,FRC4,5,21,28,6,0.99,False,-6.25559934329838,106.84329627241084,16.310649749926508,True,
2026-08-24T00:31:00.786362+00:00,5259,-6.255508725000373,106.84360214999862,complex_corridor,FRC4,22,29,391,297,1.0,False,-6.255457199448482,106.84295563186589,71.6908067558573,True,
2026-08-24T00:31:01.053198+00:00,5296,-6.242909649999996,106.84406470000002,complex_corridor,FRC2,35,35,40,40,1.0,False,-6.24287098327402,106.84404058541264,5.0587612651154314,True,
2026-08-24T00:45:52.889520+00:00,703,-6.235444892859697,106.75583232857385,complex_corridor,FRC2,28,28,6,6,1.0,False,-6.235637002833079,106.75573958241279,23.694334982762854,True,
2026-08-24T00:45:53.174709+00:00,821,-6.288795825000754,106.77763638750048,complex_corridor,FRC1,17,30,64,36,1.0,False,-6.288676397337788,106.77774978959411,18.260596237349766,True,
2026-08-24T00:45:53.485116+00:00,1336,-6.235382350000007,106.7560557,complex_corridor,FRC2,21,27,12,9,0.97,False,-6.235851643158244,106.75634307944131,61.09133400248038,True,
2026-08-24T00:45:53.770562+00:00,2187,-6.234661449999994,106.7555585,complex_corridor,FRC2,31,39,23,18,0.99,False,-6.235295044618109,106.75596622907466,83.63486690954973,True,
2026-08-24T00:45:54.084468+00:00,2188,-6.233655599999991,106.75488135,complex_corridor,FRC2,30,30,32,32,1.0,False,-6.233742064909034,106.75495503627582,12.600808704103487,True,
2026-08-24T00:45:54.399986+00:00,2298,-6.288583799999989,106.77784095,complex_corridor,FRC1,23,41,608,341,1.0,False,-6.288634823320289,106.77780477487897,6.94084144102375,True,
2026-08-24T00:45:54.740568+00:00,2322,-6.2884621,106.7781152,complex_corridor,FRC1,17,25,82,56,1.0,False,-6.288455113550981,106.77822722279888,12.405765015820144,True,
2026-08-24T00:45:55.031212+00:00,2459,-6.23996075,106.79819865,complex_corridor,FRC3,21,28,541,405,1.0,False,-6.239927209643448,106.79835988366938,18.208192291717626,True,
2026-08-24T00:45:55.326272+00:00,2660,-6.288887410002579,106.77817204999796,complex_corridor,FRC1,5,14,89,31,1.0,False,-6.289080056713849,106.77821112954479,21.852459789678804,True,
2026-08-24T00:45:55.662250+00:00,2731,-6.240104349999994,106.79819525,complex_corridor,FRC1,21,21,285,285,1.0,False,-6.254711568502923,106.79717434728451,1628.1638385691926,False,
2026-08-24T00:45:55.962047+00:00,2979,-6.239918790000258,106.79844824999957,complex_corridor,FRC2,10,15,4,2,1.0,False,-6.239928542802509,106.79846583092547,2.2254395550977346,True,
2026-08-24T00:45:56.288742+00:00,3134,-6.2892448600025785,106.77855074999796,complex_corridor,FRC1,13,21,20,12,1.0,False,-6.289262432333267,106.778499467014,5.995427904385316,True,
2026-08-24T00:45:56.584249+00:00,3164,-6.239840140000258,106.79869149999956,complex_corridor,FRC2,24,24,145,145,1.0,False,-6.23981997364873,106.79856239045006,14.446370748590217,True,
2026-08-24T00:45:56.891962+00:00,3940,-6.242815700000143,106.84290446666662,complex_corridor,FRC2,21,21,19,19,1.0,False,-6.242610768682978,106.84288187111798,22.923789898286447,True,
2026-08-24T00:45:57.195752+00:00,3995,-6.2428431,106.8426503,complex_corridor,FRC2,32,32,8,8,1.0,False,-6.24270333943449,106.84230519617961,41.19038604817657,True,
2026-08-24T00:45:57.492969+00:00,4135,-6.242451300001405,106.84346441666648,complex_corridor,FRC3,27,27,15,15,1.0,False,-6.24264159782794,106.84303341592732,52.128779444682614,True,
2026-08-24T00:45:57.782252+00:00,4174,-6.242622250001264,106.84418269999986,complex_corridor,FRC3,16,20,18,14,0.94,False,-6.242365385288672,106.84405667866673,31.777844988721665,True,
2026-08-24T00:45:58.076356+00:00,4307,-6.237238257899974,106.8272395210502,complex_corridor,FRC2,21,21,6,6,1.0,False,-6.237236971031365,106.82743234718856,21.314848279038795,True,
2026-08-24T00:45:58.364675+00:00,4312,-6.237042057899963,106.8269344210502,complex_corridor,FRC2,23,23,6,6,1.0,False,-6.237208807900389,106.82690797532604,18.770772040768108,True,
2026-08-24T00:45:58.660063+00:00,4383,-6.255330045001537,106.84307333999776,complex_corridor,FRC4,19,24,9,7,1.0,False,-6.255170245392188,106.84296367849294,21.509477825194235,True,
2026-08-24T00:45:58.960027+00:00,4421,-6.237577607899957,106.82686737105018,complex_corridor,FRC3,19,19,25,25,1.0,False,-6.237416698431964,106.82692406858013,18.95817050701808,True,
2026-08-24T00:45:59.245058+00:00,5234,-6.255677025000373,106.8431710999986,complex_corridor,FRC4,18,22,7,6,0.99,False,-6.25559934329838,106.84329627241084,16.310649749926508,True,
2026-08-24T00:45:59.537056+00:00,5259,-6.255508725000373,106.84360214999862,complex_corridor,FRC4,29,29,297,297,1.0,False,-6.255457199448482,106.84295563186589,71.6908067558573,True,
2026-08-24T00:45:59.830109+00:00,5296,-6.242909649999996,106.84406470000002,complex_corridor,FRC2,35,35,40,40,1.0,False,-6.24287098327402,106.84404058541264,5.0587612651154314,True,
2026-08-24T01:01:08.070556+00:00,703,-6.235444892859697,106.75583232857385,complex_corridor,FRC2,22,28,7,6,0.99,False,-6.235637002833079,106.75573958241279,23.694334982762854,True,
2026-08-24T01:01:08.341580+00:00,821,-6.288795825000754,106.77763638750048,complex_corridor,FRC1,11,30,99,36,1.0,False,-6.288676397337788,106.77774978959411,18.260596237349766,True,
2026-08-24T01:01:08.615991+00:00,1336,-6.235382350000007,106.7560557,complex_corridor,FRC2,13,27,20,9,0.99,False,-6.235851643158244,106.75634307944131,61.09133400248038,True,
2026-08-24T01:01:08.886761+00:00,2187,-6.234661449999994,106.7555585,complex_corridor,FRC2,28,39,26,18,0.99,False,-6.235295044618109,106.75596622907466,83.63486690954973,True,
2026-08-24T01:01:09.156275+00:00,2188,-6.233655599999991,106.75488135,complex_corridor,FRC2,30,30,32,32,1.0,False,-6.233742064909034,106.75495503627582,12.600808704103487,True,
2026-08-24T01:01:09.421287+00:00,2298,-6.288583799999989,106.77784095,complex_corridor,FRC1,23,40,608,350,1.0,False,-6.288634823320289,106.77780477487897,6.94084144102375,True,
2026-08-24T01:01:09.696768+00:00,2322,-6.2884621,106.7781152,complex_corridor,FRC1,17,25,82,56,1.0,False,-6.288455113550981,106.77822722279888,12.405765015820144,True,
2026-08-24T01:01:09.971672+00:00,2459,-6.23996075,106.79819865,complex_corridor,FRC3,19,27,597,420,1.0,False,-6.239927209643448,106.79835988366938,18.208192291717626,True,
2026-08-24T01:01:10.240108+00:00,2660,-6.288887410002579,106.77817204999796,complex_corridor,FRC1,19,20,23,22,1.0,False,-6.289080056713849,106.77821112954479,21.852459789678804,True,
2026-08-24T01:01:10.507599+00:00,2731,-6.240104349999994,106.79819525,complex_corridor,FRC1,16,21,375,285,1.0,False,-6.254711568502923,106.79717434728451,1628.1638385691926,False,
2026-08-24T01:01:10.777962+00:00,2979,-6.239918790000258,106.79844824999957,complex_corridor,FRC2,15,15,2,2,1.0,False,-6.239928542802509,106.79846583092547,2.2254395550977346,True,
2026-08-24T01:01:11.063761+00:00,3134,-6.2892448600025785,106.77855074999796,complex_corridor,FRC1,22,22,11,11,1.0,False,-6.289262432333267,106.778499467014,5.995427904385316,True,
2026-08-24T01:01:11.329018+00:00,3164,-6.239840140000258,106.79869149999956,complex_corridor,FRC2,24,24,145,145,1.0,False,-6.23981997364873,106.79856239045006,14.446370748590217,True,
2026-08-24T01:01:11.595977+00:00,3940,-6.242815700000143,106.84290446666662,complex_corridor,FRC2,21,21,19,19,1.0,False,-6.242610768682978,106.84288187111798,22.923789898286447,True,
2026-08-24T01:01:11.867286+00:00,3995,-6.2428431,106.8426503,complex_corridor,FRC2,32,32,8,8,1.0,False,-6.24270333943449,106.84230519617961,41.19038604817657,True,
2026-08-24T01:01:12.132316+00:00,4135,-6.242451300001405,106.84346441666648,complex_corridor,FRC3,18,27,23,15,1.0,False,-6.24264159782794,106.84303341592732,52.128779444682614,True,
2026-08-24T01:01:12.400585+00:00,4174,-6.242622250001264,106.84418269999986,complex_corridor,FRC3,21,21,14,14,1.0,False,-6.242365385288672,106.84405667866673,31.777844988721665,True,
2026-08-24T01:01:12.665429+00:00,4307,-6.237238257899974,106.8272395210502,complex_corridor,FRC2,21,21,6,6,1.0,False,-6.237236971031365,106.82743234718856,21.314848279038795,True,
2026-08-24T01:01:12.931415+00:00,4312,-6.237042057899963,106.8269344210502,complex_corridor,FRC2,23,23,6,6,1.0,False,-6.237208807900389,106.82690797532604,18.770772040768108,True,
2026-08-24T01:01:13.221586+00:00,4383,-6.255330045001537,106.84307333999776,complex_corridor,FRC4,18,24,10,7,1.0,False,-6.255170245392188,106.84296367849294,21.509477825194235,True,
2026-08-24T01:01:13.496474+00:00,4421,-6.237577607899957,106.82686737105018,complex_corridor,FRC3,19,19,25,25,1.0,False,-6.237416698431964,106.82692406858013,18.95817050701808,True,
2026-08-24T01:01:13.764862+00:00,5234,-6.255677025000373,106.8431710999986,complex_corridor,FRC4,18,22,7,6,1.0,False,-6.25559934329838,106.84329627241084,16.310649749926508,True,
2026-08-24T01:01:14.032246+00:00,5259,-6.255508725000373,106.84360214999862,complex_corridor,FRC4,29,29,297,297,1.0,False,-6.255457199448482,106.84295563186589,71.6908067558573,True,
2026-08-24T01:01:14.302091+00:00,5296,-6.242909649999996,106.84406470000002,complex_corridor,FRC2,35,35,40,40,1.0,False,-6.24287098327402,106.84404058541264,5.0587612651154314,True,
2026-08-24T01:15:50.523927+00:00,703,-6.235444892859697,106.75583232857385,complex_corridor,FRC2,28,28,6,6,1.0,False,-6.235637002833079,106.75573958241279,23.694334982762854,True,
2026-08-24T01:15:50.799682+00:00,821,-6.288795825000754,106.77763638750048,complex_corridor,FRC1,10,31,109,35,1.0,False,-6.288676397337788,106.77774978959411,18.260596237349766,True,
2026-08-24T01:15:51.074849+00:00,1336,-6.235382350000007,106.7560557,complex_corridor,FRC2,21,26,12,10,0.98,False,-6.235851643158244,106.75634307944131,61.09133400248038,True,
2026-08-24T01:15:51.358285+00:00,2187,-6.234661449999994,106.7555585,complex_corridor,FRC2,39,39,18,18,1.0,False,-6.235295044618109,106.75596622907466,83.63486690954973,True,
2026-08-24T01:15:51.634372+00:00,2188,-6.233655599999991,106.75488135,complex_corridor,FRC2,30,30,32,32,1.0,False,-6.233742064909034,106.75495503627582,12.600808704103487,True,
2026-08-24T01:15:51.913476+00:00,2298,-6.288583799999989,106.77784095,complex_corridor,FRC1,25,41,560,341,1.0,False,-6.288634823320289,106.77780477487897,6.94084144102375,True,
2026-08-24T01:15:52.183519+00:00,2322,-6.2884621,106.7781152,complex_corridor,FRC1,13,25,107,56,1.0,False,-6.288455113550981,106.77822722279888,12.405765015820144,True,
2026-08-24T01:15:52.468379+00:00,2459,-6.23996075,106.79819865,complex_corridor,FRC3,19,28,597,405,1.0,False,-6.239927209643448,106.79835988366938,18.208192291717626,True,
2026-08-24T01:15:52.744181+00:00,2660,-6.288887410002579,106.77817204999796,complex_corridor,FRC1,15,17,29,26,1.0,False,-6.289080056713849,106.77821112954479,21.852459789678804,True,
2026-08-24T01:15:53.018632+00:00,2731,-6.240104349999994,106.79819525,complex_corridor,FRC1,21,21,285,285,1.0,False,-6.254711568502923,106.79717434728451,1628.1638385691926,False,
2026-08-24T01:15:53.292058+00:00,2979,-6.239918790000258,106.79844824999957,complex_corridor,FRC2,6,15,7,2,1.0,False,-6.239928542802509,106.79846583092547,2.2254395550977346,True,
2026-08-24T01:15:53.566292+00:00,3134,-6.2892448600025785,106.77855074999796,complex_corridor,FRC1,14,22,18,11,1.0,False,-6.289262432333267,106.778499467014,5.995427904385316,True,
2026-08-24T01:15:53.837824+00:00,3164,-6.239840140000258,106.79869149999956,complex_corridor,FRC2,24,24,145,145,1.0,False,-6.23981997364873,106.79856239045006,14.446370748590217,True,
2026-08-24T01:15:54.115798+00:00,3940,-6.242815700000143,106.84290446666662,complex_corridor,FRC2,21,21,19,19,1.0,False,-6.242610768682978,106.84288187111798,22.923789898286447,True,
2026-08-24T01:15:54.406797+00:00,3995,-6.2428431,106.8426503,complex_corridor,FRC2,18,30,15,9,0.96,False,-6.24270333943449,106.84230519617961,41.19038604817657,True,
2026-08-24T01:15:54.678453+00:00,4135,-6.242451300001405,106.84346441666648,complex_corridor,FRC3,6,27,69,15,1.0,False,-6.24264159782794,106.84303341592732,52.128779444682614,True,
2026-08-24T01:15:54.979746+00:00,4174,-6.242622250001264,106.84418269999986,complex_corridor,FRC3,21,21,14,14,1.0,False,-6.242365385288672,106.84405667866673,31.777844988721665,True,
2026-08-24T01:15:55.258108+00:00,4307,-6.237238257899974,106.8272395210502,complex_corridor,FRC2,21,21,6,6,1.0,False,-6.237236971031365,106.82743234718856,21.314848279038795,True,
2026-08-24T01:15:55.528101+00:00,4312,-6.237042057899963,106.8269344210502,complex_corridor,FRC2,23,23,6,6,1.0,False,-6.237208807900389,106.82690797532604,18.770772040768108,True,
2026-08-24T01:15:55.796834+00:00,4383,-6.255330045001537,106.84307333999776,complex_corridor,FRC4,25,25,7,7,1.0,False,-6.255170245392188,106.84296367849294,21.509477825194235,True,
2026-08-24T01:15:56.071183+00:00,4421,-6.237577607899957,106.82686737105018,complex_corridor,FRC3,19,19,25,25,1.0,False,-6.237416698431964,106.82692406858013,18.95817050701808,True,
2026-08-24T01:15:56.369403+00:00,5234,-6.255677025000373,106.8431710999986,complex_corridor,FRC4,23,23,6,6,1.0,False,-6.25559934329838,106.84329627241084,16.310649749926508,True,
2026-08-24T01:15:56.655128+00:00,5259,-6.255508725000373,106.84360214999862,complex_corridor,FRC4,26,30,331,287,1.0,False,-6.255457199448482,106.84295563186589,71.6908067558573,True,
2026-08-24T01:15:56.926199+00:00,5296,-6.242909649999996,106.84406470000002,complex_corridor,FRC2,35,35,40,40,1.0,False,-6.24287098327402,106.84404058541264,5.0587612651154314,True,
2026-08-24T01:30:57.471110+00:00,703,-6.235444892859697,106.75583232857385,complex_corridor,FRC2,28,28,6,6,1.0,False,-6.235637002833079,106.75573958241279,23.694334982762854,True,
2026-08-24T01:30:57.742966+00:00,821,-6.288795825000754,106.77763638750048,complex_corridor,FRC1,10,30,109,36,1.0,False,-6.288676397337788,106.77774978959411,18.260596237349766,True,
2026-08-24T01:30:58.017972+00:00,1336,-6.235382350000007,106.7560557,complex_corridor,FRC2,27,27,9,9,1.0,False,-6.235851643158244,106.75634307944131,61.09133400248038,True,
2026-08-24T01:30:58.299110+00:00,2187,-6.234661449999994,106.7555585,complex_corridor,FRC2,39,39,18,18,1.0,False,-6.235295044618109,106.75596622907466,83.63486690954973,True,
2026-08-24T01:30:58.567023+00:00,2188,-6.233655599999991,106.75488135,complex_corridor,FRC2,30,30,32,32,1.0,False,-6.233742064909034,106.75495503627582,12.600808704103487,True,
2026-08-24T01:30:58.838576+00:00,2298,-6.288583799999989,106.77784095,complex_corridor,FRC1,27,41,518,341,1.0,False,-6.288634823320289,106.77780477487897,6.94084144102375,True,
2026-08-24T01:30:59.154083+00:00,2322,-6.2884621,106.7781152,complex_corridor,FRC1,9,25,155,56,1.0,False,-6.288455113550981,106.77822722279888,12.405765015820144,True,
2026-08-24T01:30:59.425032+00:00,2459,-6.23996075,106.79819865,complex_corridor,FRC3,18,27,631,420,1.0,False,-6.239927209643448,106.79835988366938,18.208192291717626,True,
2026-08-24T01:30:59.701534+00:00,2660,-6.288887410002579,106.77817204999796,complex_corridor,FRC1,14,17,31,26,1.0,False,-6.289080056713849,106.77821112954479,21.852459789678804,True,
2026-08-24T01:30:59.988075+00:00,2731,-6.240104349999994,106.79819525,complex_corridor,FRC1,17,21,353,285,1.0,False,-6.254711568502923,106.79717434728451,1628.1638385691926,False,
2026-08-24T01:31:00.261092+00:00,2979,-6.239918790000258,106.79844824999957,complex_corridor,FRC2,15,15,2,2,1.0,False,-6.239928542802509,106.79846583092547,2.2254395550977346,True,
2026-08-24T01:31:00.530114+00:00,3134,-6.2892448600025785,106.77855074999796,complex_corridor,FRC1,22,22,11,11,1.0,False,-6.289262432333267,106.778499467014,5.995427904385316,True,
2026-08-24T01:31:00.798967+00:00,3164,-6.239840140000258,106.79869149999956,complex_corridor,FRC2,22,26,158,134,1.0,False,-6.23981997364873,106.79856239045006,14.446370748590217,True,
2026-08-24T01:31:01.079413+00:00,3940,-6.242815700000143,106.84290446666662,complex_corridor,FRC2,10,20,40,20,0.98,False,-6.242610768682978,106.84288187111798,22.923789898286447,True,
2026-08-24T01:31:01.349941+00:00,3995,-6.2428431,106.8426503,complex_corridor,FRC2,32,32,8,8,1.0,False,-6.24270333943449,106.84230519617961,41.19038604817657,True,
2026-08-24T01:31:01.656407+00:00,4135,-6.242451300001405,106.84346441666648,complex_corridor,FRC3,9,26,46,16,1.0,False,-6.24264159782794,106.84303341592732,52.128779444682614,True,
2026-08-24T01:31:01.953054+00:00,4174,-6.242622250001264,106.84418269999986,complex_corridor,FRC3,21,21,14,14,1.0,False,-6.242365385288672,106.84405667866673,31.777844988721665,True,
2026-08-24T01:31:02.243500+00:00,4307,-6.237238257899974,106.8272395210502,complex_corridor,FRC2,21,21,6,6,1.0,False,-6.237236971031365,106.82743234718856,21.314848279038795,True,
2026-08-24T01:31:02.516320+00:00,4312,-6.237042057899963,106.8269344210502,complex_corridor,FRC2,23,23,6,6,1.0,False,-6.237208807900389,106.82690797532604,18.770772040768108,True,
2026-08-24T01:31:02.785550+00:00,4383,-6.255330045001537,106.84307333999776,complex_corridor,FRC4,25,25,7,7,1.0,False,-6.255170245392188,106.84296367849294,21.509477825194235,True,
2026-08-24T01:31:03.056735+00:00,4421,-6.237577607899957,106.82686737105018,complex_corridor,FRC3,19,19,25,25,1.0,False,-6.237416698431964,106.82692406858013,18.95817050701808,True,
2026-08-24T01:31:03.328537+00:00,5234,-6.255677025000373,106.8431710999986,complex_corridor,FRC4,23,23,6,6,1.0,False,-6.25559934329838,106.84329627241084,16.310649749926508,True,
2026-08-24T01:31:03.597184+00:00,5259,-6.255508725000373,106.84360214999862,complex_corridor,FRC4,29,29,297,297,1.0,False,-6.255457199448482,106.84295563186589,71.6908067558573,True,
2026-08-24T01:31:03.867717+00:00,5296,-6.242909649999996,106.84406470000002,complex_corridor,FRC2,35,35,40,40,1.0,False,-6.24287098327402,106.84404058541264,5.0587612651154314,True,
2026-08-24T01:45:52.005326+00:00,703,-6.235444892859697,106.75583232857385,complex_corridor,FRC2,28,28,6,6,1.0,False,-6.235637002833079,106.75573958241279,23.694334982762854,True,
2026-08-24T01:45:52.298314+00:00,821,-6.288795825000754,106.77763638750048,complex_corridor,FRC1,12,31,91,35,1.0,False,-6.288676397337788,106.77774978959411,18.260596237349766,True,
2026-08-24T01:45:52.599866+00:00,1336,-6.235382350000007,106.7560557,complex_corridor,FRC2,27,27,9,9,1.0,False,-6.235851643158244,106.75634307944131,61.09133400248038,True,
2026-08-24T01:45:52.902201+00:00,2187,-6.234661449999994,106.7555585,complex_corridor,FRC2,18,40,41,18,0.99,False,-6.235295044618109,106.75596622907466,83.63486690954973,True,
2026-08-24T01:45:53.201156+00:00,2188,-6.233655599999991,106.75488135,complex_corridor,FRC2,30,30,32,32,1.0,False,-6.233742064909034,106.75495503627582,12.600808704103487,True,
2026-08-24T01:45:53.497937+00:00,2298,-6.288583799999989,106.77784095,complex_corridor,FRC1,26,41,538,341,1.0,False,-6.288634823320289,106.77780477487897,6.94084144102375,True,
2026-08-24T01:45:53.785795+00:00,2322,-6.2884621,106.7781152,complex_corridor,FRC1,13,25,107,56,1.0,False,-6.288455113550981,106.77822722279888,12.405765015820144,True,
2026-08-24T01:45:54.075071+00:00,2459,-6.23996075,106.79819865,complex_corridor,FRC3,20,27,568,420,1.0,False,-6.239927209643448,106.79835988366938,18.208192291717626,True,
2026-08-24T01:45:54.361763+00:00,2660,-6.288887410002579,106.77817204999796,complex_corridor,FRC1,6,15,74,29,1.0,False,-6.289080056713849,106.77821112954479,21.852459789678804,True,
2026-08-24T01:45:54.676644+00:00,2731,-6.240104349999994,106.79819525,complex_corridor,FRC1,14,20,428,300,1.0,False,-6.254711568502923,106.79717434728451,1628.1638385691926,False,
2026-08-24T01:45:54.963723+00:00,2979,-6.239918790000258,106.79844824999957,complex_corridor,FRC2,15,15,2,2,1.0,False,-6.239928542802509,106.79846583092547,2.2254395550977346,True,
2026-08-24T01:45:55.256276+00:00,3134,-6.2892448600025785,106.77855074999796,complex_corridor,FRC1,11,21,23,12,1.0,False,-6.289262432333267,106.778499467014,5.995427904385316,True,
2026-08-24T01:45:55.549134+00:00,3164,-6.239840140000258,106.79869149999956,complex_corridor,FRC2,24,24,145,145,1.0,False,-6.23981997364873,106.79856239045006,14.446370748590217,True,
2026-08-24T01:45:55.840166+00:00,3940,-6.242815700000143,106.84290446666662,complex_corridor,FRC2,21,21,19,19,1.0,False,-6.242610768682978,106.84288187111798,22.923789898286447,True,
2026-08-24T01:45:56.174592+00:00,3995,-6.2428431,106.8426503,complex_corridor,FRC2,32,32,8,8,1.0,False,-6.24270333943449,106.84230519617961,41.19038604817657,True,
2026-08-24T01:45:56.459530+00:00,4135,-6.242451300001405,106.84346441666648,complex_corridor,FRC3,8,27,52,15,1.0,False,-6.24264159782794,106.84303341592732,52.128779444682614,True,
2026-08-24T01:45:56.753301+00:00,4174,-6.242622250001264,106.84418269999986,complex_corridor,FRC3,14,20,21,14,0.95,False,-6.242365385288672,106.84405667866673,31.777844988721665,True,
2026-08-24T01:45:57.039011+00:00,4307,-6.237238257899974,106.8272395210502,complex_corridor,FRC2,21,21,6,6,1.0,False,-6.237236971031365,106.82743234718856,21.314848279038795,True,
2026-08-24T01:45:57.328147+00:00,4312,-6.237042057899963,106.8269344210502,complex_corridor,FRC2,23,23,6,6,1.0,False,-6.237208807900389,106.82690797532604,18.770772040768108,True,
2026-08-24T01:45:57.631555+00:00,4383,-6.255330045001537,106.84307333999776,complex_corridor,FRC4,25,25,7,7,1.0,False,-6.255170245392188,106.84296367849294,21.509477825194235,True,
2026-08-24T01:45:57.921414+00:00,4421,-6.237577607899957,106.82686737105018,complex_corridor,FRC3,14,19,35,25,0.99,False,-6.237416698431964,106.82692406858013,18.95817050701808,True,
2026-08-24T01:45:58.215465+00:00,5234,-6.255677025000373,106.8431710999986,complex_corridor,FRC4,23,23,6,6,1.0,False,-6.25559934329838,106.84329627241084,16.310649749926508,True,
2026-08-24T01:45:58.502534+00:00,5259,-6.255508725000373,106.84360214999862,complex_corridor,FRC4,25,29,344,297,1.0,False,-6.255457199448482,106.84295563186589,71.6908067558573,True,
2026-08-24T01:45:58.790134+00:00,5296,-6.242909649999996,106.84406470000002,complex_corridor,FRC2,27,35,52,40,1.0,False,-6.24287098327402,106.84404058541264,5.0587612651154314,True,
2026-08-24T02:00:59.364898+00:00,703,-6.235444892859697,106.75583232857385,complex_corridor,FRC2,28,28,6,6,1.0,False,-6.235637002833079,106.75573958241279,23.694334982762854,True,
2026-08-24T02:00:59.661834+00:00,821,-6.288795825000754,106.77763638750048,complex_corridor,FRC1,12,31,91,35,1.0,False,-6.288676397337788,106.77774978959411,18.260596237349766,True,
2026-08-24T02:00:59.956970+00:00,1336,-6.235382350000007,106.7560557,complex_corridor,FRC2,27,27,9,9,1.0,False,-6.235851643158244,106.75634307944131,61.09133400248038,True,
2026-08-24T02:01:00.250547+00:00,2187,-6.234661449999994,106.7555585,complex_corridor,FRC2,39,39,18,18,1.0,False,-6.235295044618109,106.75596622907466,83.63486690954973,True,
2026-08-24T02:01:00.546839+00:00,2188,-6.233655599999991,106.75488135,complex_corridor,FRC2,30,30,32,32,1.0,False,-6.233742064909034,106.75495503627582,12.600808704103487,True,
2026-08-24T02:01:00.835700+00:00,2298,-6.288583799999989,106.77784095,complex_corridor,FRC1,32,41,437,341,1.0,False,-6.288634823320289,106.77780477487897,6.94084144102375,True,
2026-08-24T02:01:01.127109+00:00,2322,-6.2884621,106.7781152,complex_corridor,FRC1,14,25,100,56,1.0,False,-6.288455113550981,106.77822722279888,12.405765015820144,True,
2026-08-24T02:01:01.432712+00:00,2459,-6.23996075,106.79819865,complex_corridor,FRC3,23,28,493,405,1.0,False,-6.239927209643448,106.79835988366938,18.208192291717626,True,
2026-08-24T02:01:01.723609+00:00,2660,-6.288887410002579,106.77817204999796,complex_corridor,FRC1,11,14,40,31,1.0,False,-6.289080056713849,106.77821112954479,21.852459789678804,True,
2026-08-24T02:01:02.016264+00:00,2731,-6.240104349999994,106.79819525,complex_corridor,FRC1,21,21,285,285,1.0,False,-6.254711568502923,106.79717434728451,1628.1638385691926,False,
2026-08-24T02:01:02.306362+00:00,2979,-6.239918790000258,106.79844824999957,complex_corridor,FRC2,15,15,2,2,1.0,False,-6.239928542802509,106.79846583092547,2.2254395550977346,True,
2026-08-24T02:01:02.602578+00:00,3134,-6.2892448600025785,106.77855074999796,complex_corridor,FRC1,22,22,11,11,1.0,False,-6.289262432333267,106.778499467014,5.995427904385316,True,
2026-08-24T02:01:02.894909+00:00,3164,-6.239840140000258,106.79869149999956,complex_corridor,FRC2,24,24,145,145,1.0,False,-6.23981997364873,106.79856239045006,14.446370748590217,True,
2026-08-24T02:01:03.182492+00:00,3940,-6.242815700000143,106.84290446666662,complex_corridor,FRC2,21,21,19,19,1.0,False,-6.242610768682978,106.84288187111798,22.923789898286447,True,
2026-08-24T02:01:03.475491+00:00,3995,-6.2428431,106.8426503,complex_corridor,FRC2,32,32,8,8,1.0,False,-6.24270333943449,106.84230519617961,41.19038604817657,True,
2026-08-24T02:01:03.764289+00:00,4135,-6.242451300001405,106.84346441666648,complex_corridor,FRC3,21,26,19,16,1.0,False,-6.24264159782794,106.84303341592732,52.128779444682614,True,
2026-08-24T02:01:04.056942+00:00,4174,-6.242622250001264,106.84418269999986,complex_corridor,FRC3,21,21,14,14,1.0,False,-6.242365385288672,106.84405667866673,31.777844988721665,True,
2026-08-24T02:01:04.348487+00:00,4307,-6.237238257899974,106.8272395210502,complex_corridor,FRC2,21,21,6,6,1.0,False,-6.237236971031365,106.82743234718856,21.314848279038795,True,
2026-08-24T02:01:04.635463+00:00,4312,-6.237042057899963,106.8269344210502,complex_corridor,FRC2,23,23,6,6,1.0,False,-6.237208807900389,106.82690797532604,18.770772040768108,True,
2026-08-24T02:01:04.948362+00:00,4383,-6.255330045001537,106.84307333999776,complex_corridor,FRC4,25,25,7,7,1.0,False,-6.255170245392188,106.84296367849294,21.509477825194235,True,
2026-08-24T02:01:05.237571+00:00,4421,-6.237577607899957,106.82686737105018,complex_corridor,FRC3,14,19,35,25,0.96,False,-6.237416698431964,106.82692406858013,18.95817050701808,True,
2026-08-24T02:01:05.541099+00:00,5234,-6.255677025000373,106.8431710999986,complex_corridor,FRC4,23,23,6,6,1.0,False,-6.25559934329838,106.84329627241084,16.310649749926508,True,
2026-08-24T02:01:05.832181+00:00,5259,-6.255508725000373,106.84360214999862,complex_corridor,FRC4,15,28,574,307,1.0,False,-6.255457199448482,106.84295563186589,71.6908067558573,True,
2026-08-24T02:01:06.124532+00:00,5296,-6.242909649999996,106.84406470000002,complex_corridor,FRC2,35,35,40,40,1.0,False,-6.24287098327402,106.84404058541264,5.0587612651154314,True,
2026-08-24T02:15:47.424364+00:00,703,-6.235444892859697,106.75583232857385,complex_corridor,FRC2,28,28,6,6,1.0,False,-6.235637002833079,106.75573958241279,23.694334982762854,True,
2026-08-24T02:15:47.705536+00:00,821,-6.288795825000754,106.77763638750048,complex_corridor,FRC1,22,31,49,35,0.99,False,-6.288676397337788,106.77774978959411,18.260596237349766,True,
2026-08-24T02:15:47.980772+00:00,1336,-6.235382350000007,106.7560557,complex_corridor,FRC2,27,27,9,9,1.0,False,-6.235851643158244,106.75634307944131,61.09133400248038,True,
2026-08-24T02:15:48.255541+00:00,2187,-6.234661449999994,106.7555585,complex_corridor,FRC2,39,39,18,18,1.0,False,-6.235295044618109,106.75596622907466,83.63486690954973,True,
2026-08-24T02:15:48.522431+00:00,2188,-6.233655599999991,106.75488135,complex_corridor,FRC2,30,30,32,32,1.0,False,-6.233742064909034,106.75495503627582,12.600808704103487,True,
2026-08-24T02:15:48.789312+00:00,2298,-6.288583799999989,106.77784095,complex_corridor,FRC1,31,41,451,341,1.0,False,-6.288634823320289,106.77780477487897,6.94084144102375,True,
2026-08-24T02:15:49.057126+00:00,2322,-6.2884621,106.7781152,complex_corridor,FRC1,19,25,73,56,0.99,False,-6.288455113550981,106.77822722279888,12.405765015820144,True,
2026-08-24T02:15:49.328404+00:00,2459,-6.23996075,106.79819865,complex_corridor,FRC3,28,28,405,405,1.0,False,-6.239927209643448,106.79835988366938,18.208192291717626,True,
2026-08-24T02:15:49.596246+00:00,2660,-6.288887410002579,106.77817204999796,complex_corridor,FRC1,10,14,44,31,1.0,False,-6.289080056713849,106.77821112954479,21.852459789678804,True,
2026-08-24T02:15:49.869241+00:00,2731,-6.240104349999994,106.79819525,complex_corridor,FRC1,21,21,285,285,1.0,False,-6.254711568502923,106.79717434728451,1628.1638385691926,False,
2026-08-24T02:15:50.136773+00:00,2979,-6.239918790000258,106.79844824999957,complex_corridor,FRC2,15,15,2,2,1.0,False,-6.239928542802509,106.79846583092547,2.2254395550977346,True,
2026-08-24T02:15:50.400827+00:00,3134,-6.2892448600025785,106.77855074999796,complex_corridor,FRC1,17,22,15,11,1.0,False,-6.289262432333267,106.778499467014,5.995427904385316,True,
2026-08-24T02:15:50.671801+00:00,3164,-6.239840140000258,106.79869149999956,complex_corridor,FRC2,24,24,145,145,1.0,False,-6.23981997364873,106.79856239045006,14.446370748590217,True,
2026-08-24T02:15:50.938405+00:00,3940,-6.242815700000143,106.84290446666662,complex_corridor,FRC2,21,21,19,19,1.0,False,-6.242610768682978,106.84288187111798,22.923789898286447,True,
2026-08-24T02:15:51.242542+00:00,3995,-6.2428431,106.8426503,complex_corridor,FRC2,32,32,8,8,1.0,False,-6.24270333943449,106.84230519617961,41.19038604817657,True,
2026-08-24T02:15:51.523497+00:00,4135,-6.242451300001405,106.84346441666648,complex_corridor,FRC3,17,27,24,15,1.0,False,-6.24264159782794,106.84303341592732,52.128779444682614,True,
2026-08-24T02:15:51.791404+00:00,4174,-6.242622250001264,106.84418269999986,complex_corridor,FRC3,21,21,14,14,1.0,False,-6.242365385288672,106.84405667866673,31.777844988721665,True,
2026-08-24T02:15:52.056872+00:00,4307,-6.237238257899974,106.8272395210502,complex_corridor,FRC2,21,21,6,6,1.0,False,-6.237236971031365,106.82743234718856,21.314848279038795,True,
2026-08-24T02:15:52.327220+00:00,4312,-6.237042057899963,106.8269344210502,complex_corridor,FRC2,23,23,6,6,1.0,False,-6.237208807900389,106.82690797532604,18.770772040768108,True,
2026-08-24T02:15:52.599916+00:00,4383,-6.255330045001537,106.84307333999776,complex_corridor,FRC4,25,25,7,7,1.0,False,-6.255170245392188,106.84296367849294,21.509477825194235,True,
2026-08-24T02:15:52.870107+00:00,4421,-6.237577607899957,106.82686737105018,complex_corridor,FRC3,12,19,41,25,0.98,False,-6.237416698431964,106.82692406858013,18.95817050701808,True,
2026-08-24T02:15:53.163331+00:00,5234,-6.255677025000373,106.8431710999986,complex_corridor,FRC4,13,23,10,6,1.0,False,-6.25559934329838,106.84329627241084,16.310649749926508,True,
2026-08-24T02:15:53.438814+00:00,5259,-6.255508725000373,106.84360214999862,complex_corridor,FRC4,20,29,430,297,0.9969,False,-6.255457199448482,106.84295563186589,71.6908067558573,True,
2026-08-24T02:15:53.724483+00:00,5296,-6.242909649999996,106.84406470000002,complex_corridor,FRC2,35,35,40,40,1.0,False,-6.24287098327402,106.84404058541264,5.0587612651154314,True,
2026-08-24T02:30:53.352666+00:00,703,-6.235444892859697,106.75583232857385,complex_corridor,FRC2,28,28,6,6,1.0,False,-6.235637002833079,106.75573958241279,23.694334982762854,True,
2026-08-24T02:30:53.629502+00:00,821,-6.288795825000754,106.77763638750048,complex_corridor,FRC1,24,31,45,35,0.99,False,-6.288676397337788,106.77774978959411,18.260596237349766,True,
2026-08-24T02:30:53.912745+00:00,1336,-6.235382350000007,106.7560557,complex_corridor,FRC2,21,26,12,10,0.98,False,-6.235851643158244,106.75634307944131,61.09133400248038,True,
2026-08-24T02:30:54.190051+00:00,2187,-6.234661449999994,106.7555585,complex_corridor,FRC2,39,39,18,18,1.0,False,-6.235295044618109,106.75596622907466,83.63486690954973,True,
2026-08-24T02:30:54.463104+00:00,2188,-6.233655599999991,106.75488135,complex_corridor,FRC2,30,30,32,32,1.0,False,-6.233742064909034,106.75495503627582,12.600808704103487,True,
2026-08-24T02:30:54.736494+00:00,2298,-6.288583799999989,106.77784095,complex_corridor,FRC1,32,41,437,341,1.0,False,-6.288634823320289,106.77780477487897,6.94084144102375,True,
2026-08-24T02:30:55.005755+00:00,2322,-6.2884621,106.7781152,complex_corridor,FRC1,16,26,87,53,1.0,False,-6.288455113550981,106.77822722279888,12.405765015820144,True,
2026-08-24T02:30:55.286879+00:00,2459,-6.23996075,106.79819865,complex_corridor,FRC3,18,27,631,420,1.0,False,-6.239927209643448,106.79835988366938,18.208192291717626,True,
2026-08-24T02:30:55.589102+00:00,2660,-6.288887410002579,106.77817204999796,complex_corridor,FRC1,15,15,29,29,1.0,False,-6.289080056713849,106.77821112954479,21.852459789678804,True,
2026-08-24T02:30:55.859674+00:00,2731,-6.240104349999994,106.79819525,complex_corridor,FRC1,21,21,285,285,1.0,False,-6.254711568502923,106.79717434728451,1628.1638385691926,False,
2026-08-24T02:30:56.132783+00:00,2979,-6.239918790000258,106.79844824999957,complex_corridor,FRC2,11,13,3,3,1.0,False,-6.239928542802509,106.79846583092547,2.2254395550977346,True,
2026-08-24T02:30:56.412434+00:00,3134,-6.2892448600025785,106.77855074999796,complex_corridor,FRC1,22,22,11,11,1.0,False,-6.289262432333267,106.778499467014,5.995427904385316,True,
2026-08-24T02:30:56.698066+00:00,3164,-6.239840140000258,106.79869149999956,complex_corridor,FRC2,24,24,145,145,1.0,False,-6.23981997364873,106.79856239045006,14.446370748590217,True,
2026-08-24T02:30:56.986191+00:00,3940,-6.242815700000143,106.84290446666662,complex_corridor,FRC2,15,20,26,20,0.99,False,-6.242610768682978,106.84288187111798,22.923789898286447,True,
2026-08-24T02:30:57.254815+00:00,3995,-6.2428431,106.8426503,complex_corridor,FRC2,32,32,8,8,1.0,False,-6.24270333943449,106.84230519617961,41.19038604817657,True,
2026-08-24T02:30:57.523819+00:00,4135,-6.242451300001405,106.84346441666648,complex_corridor,FRC3,10,27,41,15,1.0,False,-6.24264159782794,106.84303341592732,52.128779444682614,True,
2026-08-24T02:30:57.796349+00:00,4174,-6.242622250001264,106.84418269999986,complex_corridor,FRC3,21,21,14,14,1.0,False,-6.242365385288672,106.84405667866673,31.777844988721665,True,
2026-08-24T02:30:58.067001+00:00,4307,-6.237238257899974,106.8272395210502,complex_corridor,FRC2,21,21,6,6,1.0,False,-6.237236971031365,106.82743234718856,21.314848279038795,True,
2026-08-24T02:30:58.346487+00:00,4312,-6.237042057899963,106.8269344210502,complex_corridor,FRC2,15,23,9,6,1.0,False,-6.237208807900389,106.82690797532604,18.770772040768108,True,
2026-08-24T02:30:58.618439+00:00,4383,-6.255330045001537,106.84307333999776,complex_corridor,FRC4,25,25,7,7,1.0,False,-6.255170245392188,106.84296367849294,21.509477825194235,True,
2026-08-24T02:30:58.893727+00:00,4421,-6.237577607899957,106.82686737105018,complex_corridor,FRC3,12,19,41,25,0.99,False,-6.237416698431964,106.82692406858013,18.95817050701808,True,
2026-08-24T02:30:59.163688+00:00,5234,-6.255677025000373,106.8431710999986,complex_corridor,FRC4,23,23,6,6,1.0,False,-6.25559934329838,106.84329627241084,16.310649749926508,True,
2026-08-24T02:30:59.434242+00:00,5259,-6.255508725000373,106.84360214999862,complex_corridor,FRC4,21,29,410,297,0.999148,False,-6.255457199448482,106.84295563186589,71.6908067558573,True,
2026-08-24T02:30:59.705115+00:00,5296,-6.242909649999996,106.84406470000002,complex_corridor,FRC2,35,35,40,40,1.0,False,-6.24287098327402,106.84404058541264,5.0587612651154314,True,
2026-08-24T02:45:51.823390+00:00,703,-6.235444892859697,106.75583232857385,complex_corridor,FRC2,28,28,6,6,1.0,False,-6.235637002833079,106.75573958241279,23.694334982762854,True,
2026-08-24T02:45:52.111835+00:00,821,-6.288795825000754,106.77763638750048,complex_corridor,FRC1,31,31,35,35,1.0,False,-6.288676397337788,106.77774978959411,18.260596237349766,True,
2026-08-24T02:45:52.401453+00:00,1336,-6.235382350000007,106.7560557,complex_corridor,FRC2,27,27,9,9,1.0,False,-6.235851643158244,106.75634307944131,61.09133400248038,True,
2026-08-24T02:45:52.693251+00:00,2187,-6.234661449999994,106.7555585,complex_corridor,FRC2,39,39,18,18,1.0,False,-6.235295044618109,106.75596622907466,83.63486690954973,True,
2026-08-24T02:45:53.002856+00:00,2188,-6.233655599999991,106.75488135,complex_corridor,FRC2,30,30,32,32,1.0,False,-6.233742064909034,106.75495503627582,12.600808704103487,True,
2026-08-24T02:45:53.301853+00:00,2298,-6.288583799999989,106.77784095,complex_corridor,FRC1,31,41,451,341,1.0,False,-6.288634823320289,106.77780477487897,6.94084144102375,True,
2026-08-24T02:45:53.593990+00:00,2322,-6.2884621,106.7781152,complex_corridor,FRC1,26,26,53,53,1.0,False,-6.288455113550981,106.77822722279888,12.405765015820144,True,
2026-08-24T02:45:53.886427+00:00,2459,-6.23996075,106.79819865,complex_corridor,FRC3,28,28,405,405,1.0,False,-6.239927209643448,106.79835988366938,18.208192291717626,True,
2026-08-24T02:45:54.175152+00:00,2660,-6.288887410002579,106.77817204999796,complex_corridor,FRC1,15,15,29,29,1.0,False,-6.289080056713849,106.77821112954479,21.852459789678804,True,
2026-08-24T02:45:54.473666+00:00,2731,-6.240104349999994,106.79819525,complex_corridor,FRC1,21,21,285,285,1.0,False,-6.254711568502923,106.79717434728451,1628.1638385691926,False,
2026-08-24T02:45:54.760677+00:00,2979,-6.239918790000258,106.79844824999957,complex_corridor,FRC2,9,15,4,2,1.0,False,-6.239928542802509,106.79846583092547,2.2254395550977346,True,
2026-08-24T02:45:55.048578+00:00,3134,-6.2892448600025785,106.77855074999796,complex_corridor,FRC1,16,22,16,11,1.0,False,-6.289262432333267,106.778499467014,5.995427904385316,True,
2026-08-24T02:45:55.346566+00:00,3164,-6.239840140000258,106.79869149999956,complex_corridor,FRC2,24,24,145,145,1.0,False,-6.23981997364873,106.79856239045006,14.446370748590217,True,
2026-08-24T02:45:55.635181+00:00,3940,-6.242815700000143,106.84290446666662,complex_corridor,FRC2,14,21,28,19,0.99,False,-6.242610768682978,106.84288187111798,22.923789898286447,True,
2026-08-24T02:45:55.924825+00:00,3995,-6.2428431,106.8426503,complex_corridor,FRC2,32,32,8,8,1.0,False,-6.24270333943449,106.84230519617961,41.19038604817657,True,
2026-08-24T02:45:56.218501+00:00,4135,-6.242451300001405,106.84346441666648,complex_corridor,FRC3,18,27,23,15,0.99,False,-6.24264159782794,106.84303341592732,52.128779444682614,True,
2026-08-24T02:45:56.511866+00:00,4174,-6.242622250001264,106.84418269999986,complex_corridor,FRC3,21,21,14,14,1.0,False,-6.242365385288672,106.84405667866673,31.777844988721665,True,
2026-08-24T02:45:56.798957+00:00,4307,-6.237238257899974,106.8272395210502,complex_corridor,FRC2,21,21,6,6,1.0,False,-6.237236971031365,106.82743234718856,21.314848279038795,True,
2026-08-24T02:45:57.087687+00:00,4312,-6.237042057899963,106.8269344210502,complex_corridor,FRC2,23,23,6,6,1.0,False,-6.237208807900389,106.82690797532604,18.770772040768108,True,
2026-08-24T02:45:57.379174+00:00,4383,-6.255330045001537,106.84307333999776,complex_corridor,FRC4,25,25,7,7,1.0,False,-6.255170245392188,106.84296367849294,21.509477825194235,True,
2026-08-24T02:45:57.668743+00:00,4421,-6.237577607899957,106.82686737105018,complex_corridor,FRC3,19,19,25,25,1.0,False,-6.237416698431964,106.82692406858013,18.95817050701808,True,
2026-08-24T02:45:57.955418+00:00,5234,-6.255677025000373,106.8431710999986,complex_corridor,FRC4,23,23,6,6,1.0,False,-6.25559934329838,106.84329627241084,16.310649749926508,True,
2026-08-24T02:45:58.241378+00:00,5259,-6.255508725000373,106.84360214999862,complex_corridor,FRC4,20,30,430,287,1.0,False,-6.255457199448482,106.84295563186589,71.6908067558573,True,
2026-08-24T02:45:58.529085+00:00,5296,-6.242909649999996,106.84406470000002,complex_corridor,FRC2,35,35,40,40,1.0,False,-6.24287098327402,106.84404058541264,5.0587612651154314,True,
2026-08-24T03:01:02.893626+00:00,703,-6.235444892859697,106.75583232857385,complex_corridor,FRC2,19,28,9,6,0.93,False,-6.235637002833079,106.75573958241279,23.694334982762854,True,
2026-08-24T03:01:03.176665+00:00,821,-6.288795825000754,106.77763638750048,complex_corridor,FRC1,31,31,35,35,1.0,False,-6.288676397337788,106.77774978959411,18.260596237349766,True,
2026-08-24T03:01:03.467880+00:00,1336,-6.235382350000007,106.7560557,complex_corridor,FRC2,27,27,9,9,1.0,False,-6.235851643158244,106.75634307944131,61.09133400248038,True,
2026-08-24T03:01:03.765964+00:00,2187,-6.234661449999994,106.7555585,complex_corridor,FRC2,39,39,18,18,1.0,False,-6.235295044618109,106.75596622907466,83.63486690954973,True,
2026-08-24T03:01:04.066581+00:00,2188,-6.233655599999991,106.75488135,complex_corridor,FRC2,30,30,32,32,1.0,False,-6.233742064909034,106.75495503627582,12.600808704103487,True,
2026-08-24T03:01:04.354735+00:00,2298,-6.288583799999989,106.77784095,complex_corridor,FRC1,31,41,451,341,1.0,False,-6.288634823320289,106.77780477487897,6.94084144102375,True,
2026-08-24T03:01:04.638947+00:00,2322,-6.2884621,106.7781152,complex_corridor,FRC1,18,25,77,56,1.0,False,-6.288455113550981,106.77822722279888,12.405765015820144,True,
2026-08-24T03:01:04.943361+00:00,2459,-6.23996075,106.79819865,complex_corridor,FRC3,20,27,568,420,1.0,False,-6.239927209643448,106.79835988366938,18.208192291717626,True,
2026-08-24T03:01:05.236265+00:00,2660,-6.288887410002579,106.77817204999796,complex_corridor,FRC1,11,14,40,31,1.0,False,-6.289080056713849,106.77821112954479,21.852459789678804,True,
2026-08-24T03:01:05.533434+00:00,2731,-6.240104349999994,106.79819525,complex_corridor,FRC1,15,21,400,285,1.0,False,-6.254711568502923,106.79717434728451,1628.1638385691926,False,
2026-08-24T03:01:05.840958+00:00,2979,-6.239918790000258,106.79844824999957,complex_corridor,FRC2,15,15,2,2,1.0,False,-6.239928542802509,106.79846583092547,2.2254395550977346,True,
2026-08-24T03:01:06.123749+00:00,3134,-6.2892448600025785,106.77855074999796,complex_corridor,FRC1,16,21,16,12,1.0,False,-6.289262432333267,106.778499467014,5.995427904385316,True,
2026-08-24T03:01:06.412294+00:00,3164,-6.239840140000258,106.79869149999956,complex_corridor,FRC2,24,24,145,145,1.0,False,-6.23981997364873,106.79856239045006,14.446370748590217,True,
2026-08-24T03:01:06.699605+00:00,3940,-6.242815700000143,106.84290446666662,complex_corridor,FRC2,21,21,19,19,1.0,False,-6.242610768682978,106.84288187111798,22.923789898286447,True,
2026-08-24T03:01:06.982990+00:00,3995,-6.2428431,106.8426503,complex_corridor,FRC2,32,32,8,8,1.0,False,-6.24270333943449,106.84230519617961,41.19038604817657,True,
2026-08-24T03:01:07.269394+00:00,4135,-6.242451300001405,106.84346441666648,complex_corridor,FRC3,27,27,15,15,1.0,False,-6.24264159782794,106.84303341592732,52.128779444682614,True,
2026-08-24T03:01:07.555254+00:00,4174,-6.242622250001264,106.84418269999986,complex_corridor,FRC3,21,21,14,14,1.0,False,-6.242365385288672,106.84405667866673,31.777844988721665,True,
2026-08-24T03:01:07.841568+00:00,4307,-6.237238257899974,106.8272395210502,complex_corridor,FRC2,21,21,6,6,1.0,False,-6.237236971031365,106.82743234718856,21.314848279038795,True,
2026-08-24T03:01:08.128599+00:00,4312,-6.237042057899963,106.8269344210502,complex_corridor,FRC2,23,23,6,6,1.0,False,-6.237208807900389,106.82690797532604,18.770772040768108,True,
2026-08-24T03:01:08.411113+00:00,4383,-6.255330045001537,106.84307333999776,complex_corridor,FRC4,16,25,11,7,1.0,False,-6.255170245392188,106.84296367849294,21.509477825194235,True,
2026-08-24T03:01:08.695570+00:00,4421,-6.237577607899957,106.82686737105018,complex_corridor,FRC3,19,19,25,25,1.0,False,-6.237416698431964,106.82692406858013,18.95817050701808,True,
2026-08-24T03:01:08.986474+00:00,5234,-6.255677025000373,106.8431710999986,complex_corridor,FRC4,23,23,6,6,1.0,False,-6.25559934329838,106.84329627241084,16.310649749926508,True,
2026-08-24T03:01:09.291884+00:00,5259,-6.255508725000373,106.84360214999862,complex_corridor,FRC4,23,29,374,297,0.998839,False,-6.255457199448482,106.84295563186589,71.6908067558573,True,
2026-08-24T03:01:09.579438+00:00,5296,-6.242909649999996,106.84406470000002,complex_corridor,FRC2,35,35,40,40,1.0,False,-6.24287098327402,106.84404058541264,5.0587612651154314,True,
2026-08-24T03:15:52.304568+00:00,703,-6.235444892859697,106.75583232857385,complex_corridor,FRC2,19,28,9,6,0.91,False,-6.235637002833079,106.75573958241279,23.694334982762854,True,
2026-08-24T03:15:52.589817+00:00,821,-6.288795825000754,106.77763638750048,complex_corridor,FRC1,31,31,35,35,1.0,False,-6.288676397337788,106.77774978959411,18.260596237349766,True,
2026-08-24T03:15:52.876343+00:00,1336,-6.235382350000007,106.7560557,complex_corridor,FRC2,27,27,9,9,1.0,False,-6.235851643158244,106.75634307944131,61.09133400248038,True,
2026-08-24T03:15:53.168459+00:00,2187,-6.234661449999994,106.7555585,complex_corridor,FRC2,39,39,18,18,1.0,False,-6.235295044618109,106.75596622907466,83.63486690954973,True,
2026-08-24T03:15:53.460569+00:00,2188,-6.233655599999991,106.75488135,complex_corridor,FRC2,30,30,32,32,1.0,False,-6.233742064909034,106.75495503627582,12.600808704103487,True,
2026-08-24T03:15:53.746335+00:00,2298,-6.288583799999989,106.77784095,complex_corridor,FRC1,31,41,451,341,1.0,False,-6.288634823320289,106.77780477487897,6.94084144102375,True,
2026-08-24T03:15:54.050234+00:00,2322,-6.2884621,106.7781152,complex_corridor,FRC1,26,26,53,53,1.0,False,-6.288455113550981,106.77822722279888,12.405765015820144,True,
2026-08-24T03:15:54.335453+00:00,2459,-6.23996075,106.79819865,complex_corridor,FRC3,22,28,516,405,1.0,False,-6.239927209643448,106.79835988366938,18.208192291717626,True,
2026-08-24T03:15:54.625027+00:00,2660,-6.288887410002579,106.77817204999796,complex_corridor,FRC1,11,15,40,29,1.0,False,-6.289080056713849,106.77821112954479,21.852459789678804,True,
2026-08-24T03:15:54.915986+00:00,2731,-6.240104349999994,106.79819525,complex_corridor,FRC1,18,20,333,300,1.0,False,-6.254711568502923,106.79717434728451,1628.1638385691926,False,
2026-08-24T03:15:55.199732+00:00,2979,-6.239918790000258,106.79844824999957,complex_corridor,FRC2,15,15,2,2,1.0,False,-6.239928542802509,106.79846583092547,2.2254395550977346,True,
2026-08-24T03:15:55.488723+00:00,3134,-6.2892448600025785,106.77855074999796,complex_corridor,FRC1,22,22,11,11,1.0,False,-6.289262432333267,106.778499467014,5.995427904385316,True,
2026-08-24T03:15:55.773104+00:00,3164,-6.239840140000258,106.79869149999956,complex_corridor,FRC2,24,24,145,145,1.0,False,-6.23981997364873,106.79856239045006,14.446370748590217,True,
2026-08-24T03:15:56.057054+00:00,3940,-6.242815700000143,106.84290446666662,complex_corridor,FRC2,21,21,19,19,1.0,False,-6.242610768682978,106.84288187111798,22.923789898286447,True,
2026-08-24T03:15:56.354546+00:00,3995,-6.2428431,106.8426503,complex_corridor,FRC2,32,32,8,8,1.0,False,-6.24270333943449,106.84230519617961,41.19038604817657,True,
2026-08-24T03:15:56.641758+00:00,4135,-6.242451300001405,106.84346441666648,complex_corridor,FRC3,27,27,15,15,1.0,False,-6.24264159782794,106.84303341592732,52.128779444682614,True,
2026-08-24T03:15:56.932179+00:00,4174,-6.242622250001264,106.84418269999986,complex_corridor,FRC3,21,21,14,14,1.0,False,-6.242365385288672,106.84405667866673,31.777844988721665,True,
2026-08-24T03:15:57.231831+00:00,4307,-6.237238257899974,106.8272395210502,complex_corridor,FRC2,21,21,6,6,1.0,False,-6.237236971031365,106.82743234718856,21.314848279038795,True,
2026-08-24T03:15:57.524497+00:00,4312,-6.237042057899963,106.8269344210502,complex_corridor,FRC2,23,23,6,6,1.0,False,-6.237208807900389,106.82690797532604,18.770772040768108,True,
2026-08-24T03:15:57.813324+00:00,4383,-6.255330045001537,106.84307333999776,complex_corridor,FRC4,25,25,7,7,1.0,False,-6.255170245392188,106.84296367849294,21.509477825194235,True,
2026-08-24T03:15:58.109344+00:00,4421,-6.237577607899957,106.82686737105018,complex_corridor,FRC3,19,19,25,25,1.0,False,-6.237416698431964,106.82692406858013,18.95817050701808,True,
2026-08-24T03:15:58.391888+00:00,5234,-6.255677025000373,106.8431710999986,complex_corridor,FRC4,23,23,6,6,1.0,False,-6.25559934329838,106.84329627241084,16.310649749926508,True,
2026-08-24T03:15:58.676486+00:00,5259,-6.255508725000373,106.84360214999862,complex_corridor,FRC4,20,31,430,278,0.993759,False,-6.255457199448482,106.84295563186589,71.6908067558573,True,
2026-08-24T03:15:58.967844+00:00,5296,-6.242909649999996,106.84406470000002,complex_corridor,FRC2,27,35,52,40,1.0,False,-6.24287098327402,106.84404058541264,5.0587612651154314,True,
2026-08-24T03:30:54.222350+00:00,703,-6.235444892859697,106.75583232857385,complex_corridor,FRC2,22,28,7,6,0.94,False,-6.235637002833079,106.75573958241279,23.694334982762854,True,
2026-08-24T03:30:54.494258+00:00,821,-6.288795825000754,106.77763638750048,complex_corridor,FRC1,31,31,35,35,1.0,False,-6.288676397337788,106.77774978959411,18.260596237349766,True,
2026-08-24T03:30:54.765281+00:00,1336,-6.235382350000007,106.7560557,complex_corridor,FRC2,27,27,9,9,1.0,False,-6.235851643158244,106.75634307944131,61.09133400248038,True,
2026-08-24T03:30:55.048801+00:00,2187,-6.234661449999994,106.7555585,complex_corridor,FRC2,29,39,25,18,0.98,False,-6.235295044618109,106.75596622907466,83.63486690954973,True,
2026-08-24T03:30:55.323843+00:00,2188,-6.233655599999991,106.75488135,complex_corridor,FRC2,30,30,32,32,1.0,False,-6.233742064909034,106.75495503627582,12.600808704103487,True,
2026-08-24T03:30:55.615795+00:00,2298,-6.288583799999989,106.77784095,complex_corridor,FRC1,31,41,451,341,1.0,False,-6.288634823320289,106.77780477487897,6.94084144102375,True,
2026-08-24T03:30:55.885230+00:00,2322,-6.2884621,106.7781152,complex_corridor,FRC1,18,26,77,53,1.0,False,-6.288455113550981,106.77822722279888,12.405765015820144,True,
2026-08-24T03:30:56.164684+00:00,2459,-6.23996075,106.79819865,complex_corridor,FRC3,28,28,405,405,1.0,False,-6.239927209643448,106.79835988366938,18.208192291717626,True,
2026-08-24T03:30:56.435381+00:00,2660,-6.288887410002579,106.77817204999796,complex_corridor,FRC1,9,15,49,29,1.0,False,-6.289080056713849,106.77821112954479,21.852459789678804,True,
2026-08-24T03:30:56.709926+00:00,2731,-6.240104349999994,106.79819525,complex_corridor,FRC1,14,21,428,285,1.0,False,-6.254711568502923,106.79717434728451,1628.1638385691926,False,
2026-08-24T03:30:56.985426+00:00,2979,-6.239918790000258,106.79844824999957,complex_corridor,FRC2,15,15,2,2,1.0,False,-6.239928542802509,106.79846583092547,2.2254395550977346,True,
2026-08-24T03:30:57.259730+00:00,3134,-6.2892448600025785,106.77855074999796,complex_corridor,FRC1,14,21,18,12,1.0,False,-6.289262432333267,106.778499467014,5.995427904385316,True,
2026-08-24T03:30:57.546307+00:00,3164,-6.239840140000258,106.79869149999956,complex_corridor,FRC2,24,24,145,145,1.0,False,-6.23981997364873,106.79856239045006,14.446370748590217,True,
2026-08-24T03:30:57.818113+00:00,3940,-6.242815700000143,106.84290446666662,complex_corridor,FRC2,21,21,19,19,1.0,False,-6.242610768682978,106.84288187111798,22.923789898286447,True,
2026-08-24T03:30:58.090775+00:00,3995,-6.2428431,106.8426503,complex_corridor,FRC2,32,32,8,8,1.0,False,-6.24270333943449,106.84230519617961,41.19038604817657,True,
2026-08-24T03:30:58.366546+00:00,4135,-6.242451300001405,106.84346441666648,complex_corridor,FRC3,27,27,15,15,1.0,False,-6.24264159782794,106.84303341592732,52.128779444682614,True,
2026-08-24T03:30:58.635976+00:00,4174,-6.242622250001264,106.84418269999986,complex_corridor,FRC3,15,20,19,14,0.98,False,-6.242365385288672,106.84405667866673,31.777844988721665,True,
2026-08-24T03:30:58.916034+00:00,4307,-6.237238257899974,106.8272395210502,complex_corridor,FRC2,21,21,6,6,1.0,False,-6.237236971031365,106.82743234718856,21.314848279038795,True,
2026-08-24T03:30:59.189657+00:00,4312,-6.237042057899963,106.8269344210502,complex_corridor,FRC2,23,23,6,6,1.0,False,-6.237208807900389,106.82690797532604,18.770772040768108,True,
2026-08-24T03:30:59.466969+00:00,4383,-6.255330045001537,106.84307333999776,complex_corridor,FRC4,25,25,7,7,1.0,False,-6.255170245392188,106.84296367849294,21.509477825194235,True,
2026-08-24T03:30:59.739900+00:00,4421,-6.237577607899957,106.82686737105018,complex_corridor,FRC3,19,19,25,25,1.0,False,-6.237416698431964,106.82692406858013,18.95817050701808,True,
2026-08-24T03:31:00.017539+00:00,5234,-6.255677025000373,106.8431710999986,complex_corridor,FRC4,23,23,6,6,1.0,False,-6.25559934329838,106.84329627241084,16.310649749926508,True,
2026-08-24T03:31:00.290436+00:00,5259,-6.255508725000373,106.84360214999862,complex_corridor,FRC4,22,29,391,297,0.992193,False,-6.255457199448482,106.84295563186589,71.6908067558573,True,
2026-08-24T03:31:00.564933+00:00,5296,-6.242909649999996,106.84406470000002,complex_corridor,FRC2,25,35,56,40,1.0,False,-6.24287098327402,106.84404058541264,5.0587612651154314,True,
