timestamp_utc,edge_id,requested_lat,requested_lon,highway_tag,frc,currentSpeed,freeFlowSpeed,currentTravelTime,freeFlowTravelTime,confidence,roadClosure,matched_lat,matched_lon,match_distance_m,valid_match,error
2026-07-24T00:01:00.705423+00:00,703,-6.235444892859697,106.75583232857385,complex_corridor,FRC2,28,28,6,6,1.0,False,-6.235637002833079,106.75573958241279,23.694334982762854,True,
2026-07-24T00:01:00.979277+00:00,821,-6.288795825000754,106.77763638750048,complex_corridor,FRC1,16,32,68,34,0.99,False,-6.288676397337788,106.77774978959411,18.260596237349766,True,
2026-07-24T00:01:01.256620+00:00,1336,-6.235382350000007,106.7560557,complex_corridor,FRC2,27,27,9,9,1.0,False,-6.235851643158244,106.75634307944131,61.09133400248038,True,
2026-07-24T00:01:01.544322+00:00,2187,-6.234661449999994,106.7555585,complex_corridor,FRC2,39,39,18,18,1.0,False,-6.235295044618109,106.75596622907466,83.63486690954973,True,
2026-07-24T00:01:01.828530+00:00,2188,-6.233655599999991,106.75488135,complex_corridor,FRC2,30,30,32,32,1.0,False,-6.233742064909034,106.75495503627582,12.600808704103487,True,
2026-07-24T00:01:02.108628+00:00,2298,-6.288583799999989,106.77784095,complex_corridor,FRC1,30,41,466,341,1.0,False,-6.288634823320289,106.77780477487897,6.94084144102375,True,
2026-07-24T00:01:02.377681+00:00,2322,-6.2884621,106.7781152,complex_corridor,FRC1,16,25,87,56,1.0,False,-6.288455113550981,106.77822722279888,12.405765015820144,True,
2026-07-24T00:01:02.653136+00:00,2459,-6.23996075,106.79819865,complex_corridor,FRC3,23,27,493,420,1.0,False,-6.239927209643448,106.79835988366938,18.208192291717626,True,
2026-07-24T00:01:02.926572+00:00,2660,-6.288887410002579,106.77817204999796,complex_corridor,FRC1,15,15,29,29,1.0,False,-6.289080056713849,106.77821112954479,21.852459789678804,True,
2026-07-24T00:01:03.196592+00:00,2731,-6.240104349999994,106.79819525,complex_corridor,FRC1,16,20,375,300,1.0,False,-6.254711568502923,106.79717434728451,1628.1638385691926,False,
2026-07-24T00:01:03.466806+00:00,2979,-6.239918790000258,106.79844824999957,complex_corridor,FRC2,15,15,2,2,1.0,False,-6.239928542802509,106.79846583092547,2.2254395550977346,True,
2026-07-24T00:01:03.735118+00:00,3134,-6.2892448600025785,106.77855074999796,complex_corridor,FRC1,11,21,23,12,1.0,False,-6.289262432333267,106.778499467014,5.995427904385316,True,
2026-07-24T00:01:04.009751+00:00,3164,-6.239840140000258,106.79869149999956,complex_corridor,FRC2,24,24,145,145,1.0,False,-6.23981997364873,106.79856239045006,14.446370748590217,True,
2026-07-24T00:01:04.278862+00:00,3940,-6.242815700000143,106.84290446666662,complex_corridor,FRC2,21,21,19,19,1.0,False,-6.242610768682978,106.84288187111798,22.923789898286447,True,
2026-07-24T00:01:04.585819+00:00,3995,-6.2428431,106.8426503,complex_corridor,FRC2,32,32,8,8,1.0,False,-6.24270333943449,106.84230519617961,41.19038604817657,True,
2026-07-24T00:01:04.858571+00:00,4135,-6.242451300001405,106.84346441666648,complex_corridor,FRC3,27,27,15,15,1.0,False,-6.24264159782794,106.84303341592732,52.128779444682614,True,
2026-07-24T00:01:05.137381+00:00,4174,-6.242622250001264,106.84418269999986,complex_corridor,FRC3,21,21,14,14,1.0,False,-6.242365385288672,106.84405667866673,31.777844988721665,True,
2026-07-24T00:01:05.407805+00:00,4307,-6.237238257899974,106.8272395210502,complex_corridor,FRC2,21,21,6,6,1.0,False,-6.237236971031365,106.82743234718856,21.314848279038795,True,
2026-07-24T00:01:05.677381+00:00,4312,-6.237042057899963,106.8269344210502,complex_corridor,FRC2,23,23,6,6,1.0,False,-6.237208807900389,106.82690797532604,18.770772040768108,True,
2026-07-24T00:01:05.946621+00:00,4383,-6.255330045001537,106.84307333999776,complex_corridor,FRC4,25,25,7,7,1.0,False,-6.255170245392188,106.84296367849294,21.509477825194235,True,
2026-07-24T00:01:06.222307+00:00,4421,-6.237577607899957,106.82686737105018,complex_corridor,FRC3,18,18,27,27,1.0,False,-6.237416698431964,106.82692406858013,18.95817050701808,True,
2026-07-24T00:01:06.493656+00:00,5234,-6.255677025000373,106.8431710999986,complex_corridor,FRC4,23,23,6,6,1.0,False,-6.25559934329838,106.84329627241084,16.310649749926508,True,
2026-07-24T00:01:06.762520+00:00,5259,-6.255508725000373,106.84360214999862,complex_corridor,FRC4,26,30,331,287,0.997256,False,-6.255457199448482,106.84295563186589,71.6908067558573,True,
2026-07-24T00:01:07.029745+00:00,5296,-6.242909649999996,106.84406470000002,complex_corridor,FRC2,35,35,40,40,1.0,False,-6.24287098327402,106.84404058541264,5.0587612651154314,True,
2026-07-24T00:15:48.766830+00:00,703,-6.235444892859697,106.75583232857385,complex_corridor,FRC2,28,28,6,6,1.0,False,-6.235637002833079,106.75573958241279,23.694334982762854,True,
2026-07-24T00:15:49.036656+00:00,821,-6.288795825000754,106.77763638750048,complex_corridor,FRC1,15,30,73,36,1.0,False,-6.288676397337788,106.77774978959411,18.260596237349766,True,
2026-07-24T00:15:49.313218+00:00,1336,-6.235382350000007,106.7560557,complex_corridor,FRC2,4,27,67,9,0.97,False,-6.235851643158244,106.75634307944131,61.09133400248038,True,
2026-07-24T00:15:49.578148+00:00,2187,-6.234661449999994,106.7555585,complex_corridor,FRC2,7,41,105,18,0.99,False,-6.235295044618109,106.75596622907466,83.63486690954973,True,
2026-07-24T00:15:49.844301+00:00,2188,-6.233655599999991,106.75488135,complex_corridor,FRC2,30,30,32,32,1.0,False,-6.233742064909034,106.75495503627582,12.600808704103487,True,
2026-07-24T00:15:50.119539+00:00,2298,-6.288583799999989,106.77784095,complex_corridor,FRC1,28,40,500,350,1.0,False,-6.288634823320289,106.77780477487897,6.94084144102375,True,
2026-07-24T00:15:50.390084+00:00,2322,-6.2884621,106.7781152,complex_corridor,FRC1,19,26,73,53,1.0,False,-6.288455113550981,106.77822722279888,12.405765015820144,True,
2026-07-24T00:15:50.655550+00:00,2459,-6.23996075,106.79819865,complex_corridor,FRC3,19,27,597,420,1.0,False,-6.239927209643448,106.79835988366938,18.208192291717626,True,
2026-07-24T00:15:50.918428+00:00,2660,-6.288887410002579,106.77817204999796,complex_corridor,FRC1,8,15,55,29,1.0,False,-6.289080056713849,106.77821112954479,21.852459789678804,True,
2026-07-24T00:15:51.198433+00:00,2731,-6.240104349999994,106.79819525,complex_corridor,FRC1,21,21,285,285,1.0,False,-6.254711568502923,106.79717434728451,1628.1638385691926,False,
2026-07-24T00:15:51.461164+00:00,2979,-6.239918790000258,106.79844824999957,complex_corridor,FRC2,15,15,2,2,1.0,False,-6.239928542802509,106.79846583092547,2.2254395550977346,True,
2026-07-24T00:15:51.722643+00:00,3134,-6.2892448600025785,106.77855074999796,complex_corridor,FRC1,22,22,11,11,1.0,False,-6.289262432333267,106.778499467014,5.995427904385316,True,
2026-07-24T00:15:51.990098+00:00,3164,-6.239840140000258,106.79869149999956,complex_corridor,FRC2,24,24,145,145,1.0,False,-6.23981997364873,106.79856239045006,14.446370748590217,True,
2026-07-24T00:15:52.257559+00:00,3940,-6.242815700000143,106.84290446666662,complex_corridor,FRC2,21,21,19,19,1.0,False,-6.242610768682978,106.84288187111798,22.923789898286447,True,
2026-07-24T00:15:52.548440+00:00,3995,-6.2428431,106.8426503,complex_corridor,FRC2,32,32,8,8,1.0,False,-6.24270333943449,106.84230519617961,41.19038604817657,True,
2026-07-24T00:15:52.815280+00:00,4135,-6.242451300001405,106.84346441666648,complex_corridor,FRC3,27,27,15,15,1.0,False,-6.24264159782794,106.84303341592732,52.128779444682614,True,
2026-07-24T00:15:53.082385+00:00,4174,-6.242622250001264,106.84418269999986,complex_corridor,FRC3,21,21,14,14,1.0,False,-6.242365385288672,106.84405667866673,31.777844988721665,True,
2026-07-24T00:15:53.350549+00:00,4307,-6.237238257899974,106.8272395210502,complex_corridor,FRC2,21,21,6,6,1.0,False,-6.237236971031365,106.82743234718856,21.314848279038795,True,
2026-07-24T00:15:53.614653+00:00,4312,-6.237042057899963,106.8269344210502,complex_corridor,FRC2,23,23,6,6,1.0,False,-6.237208807900389,106.82690797532604,18.770772040768108,True,
2026-07-24T00:15:53.886456+00:00,4383,-6.255330045001537,106.84307333999776,complex_corridor,FRC4,25,25,7,7,1.0,False,-6.255170245392188,106.84296367849294,21.509477825194235,True,
2026-07-24T00:15:54.150370+00:00,4421,-6.237577607899957,106.82686737105018,complex_corridor,FRC3,18,18,27,27,1.0,False,-6.237416698431964,106.82692406858013,18.95817050701808,True,
2026-07-24T00:15:54.416466+00:00,5234,-6.255677025000373,106.8431710999986,complex_corridor,FRC4,23,23,6,6,1.0,False,-6.25559934329838,106.84329627241084,16.310649749926508,True,
2026-07-24T00:15:54.698681+00:00,5259,-6.255508725000373,106.84360214999862,complex_corridor,FRC4,23,30,374,287,1.0,False,-6.255457199448482,106.84295563186589,71.6908067558573,True,
2026-07-24T00:15:54.966027+00:00,5296,-6.242909649999996,106.84406470000002,complex_corridor,FRC2,35,35,40,40,1.0,False,-6.24287098327402,106.84404058541264,5.0587612651154314,True,
2026-07-24T00:30:51.665295+00:00,703,-6.235444892859697,106.75583232857385,complex_corridor,FRC2,28,28,6,6,1.0,False,-6.235637002833079,106.75573958241279,23.694334982762854,True,
2026-07-24T00:30:51.928799+00:00,821,-6.288795825000754,106.77763638750048,complex_corridor,FRC1,11,31,99,35,0.99,False,-6.288676397337788,106.77774978959411,18.260596237349766,True,
2026-07-24T00:30:52.201008+00:00,1336,-6.235382350000007,106.7560557,complex_corridor,FRC2,18,26,14,10,0.98,False,-6.235851643158244,106.75634307944131,61.09133400248038,True,
2026-07-24T00:30:52.465744+00:00,2187,-6.234661449999994,106.7555585,complex_corridor,FRC2,39,39,18,18,1.0,False,-6.235295044618109,106.75596622907466,83.63486690954973,True,
2026-07-24T00:30:52.746494+00:00,2188,-6.233655599999991,106.75488135,complex_corridor,FRC2,30,30,32,32,1.0,False,-6.233742064909034,106.75495503627582,12.600808704103487,True,
2026-07-24T00:30:53.014873+00:00,2298,-6.288583799999989,106.77784095,complex_corridor,FRC1,31,40,451,350,1.0,False,-6.288634823320289,106.77780477487897,6.94084144102375,True,
2026-07-24T00:30:53.276897+00:00,2322,-6.2884621,106.7781152,complex_corridor,FRC1,16,25,87,56,1.0,False,-6.288455113550981,106.77822722279888,12.405765015820144,True,
2026-07-24T00:30:53.546770+00:00,2459,-6.23996075,106.79819865,complex_corridor,FRC3,28,28,405,405,1.0,False,-6.239927209643448,106.79835988366938,18.208192291717626,True,
2026-07-24T00:30:53.808761+00:00,2660,-6.288887410002579,106.77817204999796,complex_corridor,FRC1,11,15,40,29,1.0,False,-6.289080056713849,106.77821112954479,21.852459789678804,True,
2026-07-24T00:30:54.072568+00:00,2731,-6.240104349999994,106.79819525,complex_corridor,FRC1,14,21,428,285,1.0,False,-6.254711568502923,106.79717434728451,1628.1638385691926,False,
2026-07-24T00:30:54.337436+00:00,2979,-6.239918790000258,106.79844824999957,complex_corridor,FRC2,15,15,2,2,1.0,False,-6.239928542802509,106.79846583092547,2.2254395550977346,True,
2026-07-24T00:30:54.606719+00:00,3134,-6.2892448600025785,106.77855074999796,complex_corridor,FRC1,18,22,14,11,1.0,False,-6.289262432333267,106.778499467014,5.995427904385316,True,
2026-07-24T00:30:54.872836+00:00,3164,-6.239840140000258,106.79869149999956,complex_corridor,FRC2,20,26,174,134,1.0,False,-6.23981997364873,106.79856239045006,14.446370748590217,True,
2026-07-24T00:30:55.137228+00:00,3940,-6.242815700000143,106.84290446666662,complex_corridor,FRC2,21,21,19,19,1.0,False,-6.242610768682978,106.84288187111798,22.923789898286447,True,
2026-07-24T00:30:55.412827+00:00,3995,-6.2428431,106.8426503,complex_corridor,FRC2,32,32,8,8,1.0,False,-6.24270333943449,106.84230519617961,41.19038604817657,True,
2026-07-24T00:30:55.683301+00:00,4135,-6.242451300001405,106.84346441666648,complex_corridor,FRC3,27,27,15,15,1.0,False,-6.24264159782794,106.84303341592732,52.128779444682614,True,
2026-07-24T00:30:55.947653+00:00,4174,-6.242622250001264,106.84418269999986,complex_corridor,FRC3,21,21,14,14,1.0,False,-6.242365385288672,106.84405667866673,31.777844988721665,True,
2026-07-24T00:30:56.228308+00:00,4307,-6.237238257899974,106.8272395210502,complex_corridor,FRC2,14,21,9,6,0.99,False,-6.237236971031365,106.82743234718856,21.314848279038795,True,
2026-07-24T00:30:56.499300+00:00,4312,-6.237042057899963,106.8269344210502,complex_corridor,FRC2,23,23,6,6,1.0,False,-6.237208807900389,106.82690797532604,18.770772040768108,True,
2026-07-24T00:30:56.764235+00:00,4383,-6.255330045001537,106.84307333999776,complex_corridor,FRC4,25,25,7,7,1.0,False,-6.255170245392188,106.84296367849294,21.509477825194235,True,
2026-07-24T00:30:57.029967+00:00,4421,-6.237577607899957,106.82686737105018,complex_corridor,FRC3,18,18,27,27,1.0,False,-6.237416698431964,106.82692406858013,18.95817050701808,True,
2026-07-24T00:30:57.296029+00:00,5234,-6.255677025000373,106.8431710999986,complex_corridor,FRC4,23,23,6,6,1.0,False,-6.25559934329838,106.84329627241084,16.310649749926508,True,
2026-07-24T00:30:57.559374+00:00,5259,-6.255508725000373,106.84360214999862,complex_corridor,FRC4,24,30,359,287,1.0,False,-6.255457199448482,106.84295563186589,71.6908067558573,True,
2026-07-24T00:30:57.883492+00:00,5296,-6.242909649999996,106.84406470000002,complex_corridor,FRC2,35,35,40,40,1.0,False,-6.24287098327402,106.84404058541264,5.0587612651154314,True,
2026-07-24T00:45:47.568428+00:00,703,-6.235444892859697,106.75583232857385,complex_corridor,FRC2,28,28,6,6,1.0,False,-6.235637002833079,106.75573958241279,23.694334982762854,True,
2026-07-24T00:45:47.838015+00:00,821,-6.288795825000754,106.77763638750048,complex_corridor,FRC1,11,32,99,34,1.0,False,-6.288676397337788,106.77774978959411,18.260596237349766,True,
2026-07-24T00:45:48.115979+00:00,1336,-6.235382350000007,106.7560557,complex_corridor,FRC2,21,26,12,10,0.96,False,-6.235851643158244,106.75634307944131,61.09133400248038,True,
2026-07-24T00:45:48.389454+00:00,2187,-6.234661449999994,106.7555585,complex_corridor,FRC2,39,39,18,18,1.0,False,-6.235295044618109,106.75596622907466,83.63486690954973,True,
2026-07-24T00:45:48.672484+00:00,2188,-6.233655599999991,106.75488135,complex_corridor,FRC2,19,30,51,32,1.0,False,-6.233742064909034,106.75495503627582,12.600808704103487,True,
2026-07-24T00:45:48.947221+00:00,2298,-6.288583799999989,106.77784095,complex_corridor,FRC1,29,40,482,350,1.0,False,-6.288634823320289,106.77780477487897,6.94084144102375,True,
2026-07-24T00:45:49.216232+00:00,2322,-6.2884621,106.7781152,complex_corridor,FRC1,26,26,53,53,1.0,False,-6.288455113550981,106.77822722279888,12.405765015820144,True,
2026-07-24T00:45:49.485879+00:00,2459,-6.23996075,106.79819865,complex_corridor,FRC3,28,28,405,405,1.0,False,-6.239927209643448,106.79835988366938,18.208192291717626,True,
2026-07-24T00:45:49.754667+00:00,2660,-6.288887410002579,106.77817204999796,complex_corridor,FRC1,7,15,63,29,1.0,False,-6.289080056713849,106.77821112954479,21.852459789678804,True,
2026-07-24T00:45:50.022359+00:00,2731,-6.240104349999994,106.79819525,complex_corridor,FRC1,21,21,285,285,1.0,False,-6.254711568502923,106.79717434728451,1628.1638385691926,False,
2026-07-24T00:45:50.310536+00:00,2979,-6.239918790000258,106.79844824999957,complex_corridor,FRC2,6,15,7,2,1.0,False,-6.239928542802509,106.79846583092547,2.2254395550977346,True,
2026-07-24T00:45:50.585573+00:00,3134,-6.2892448600025785,106.77855074999796,complex_corridor,FRC1,11,21,23,12,1.0,False,-6.289262432333267,106.778499467014,5.995427904385316,True,
2026-07-24T00:45:50.863260+00:00,3164,-6.239840140000258,106.79869149999956,complex_corridor,FRC2,24,24,145,145,1.0,False,-6.23981997364873,106.79856239045006,14.446370748590217,True,
2026-07-24T00:45:51.136196+00:00,3940,-6.242815700000143,106.84290446666662,complex_corridor,FRC2,21,21,19,19,1.0,False,-6.242610768682978,106.84288187111798,22.923789898286447,True,
2026-07-24T00:45:51.406815+00:00,3995,-6.2428431,106.8426503,complex_corridor,FRC2,32,32,8,8,1.0,False,-6.24270333943449,106.84230519617961,41.19038604817657,True,
2026-07-24T00:45:51.689571+00:00,4135,-6.242451300001405,106.84346441666648,complex_corridor,FRC3,27,27,15,15,1.0,False,-6.24264159782794,106.84303341592732,52.128779444682614,True,
2026-07-24T00:45:51.968423+00:00,4174,-6.242622250001264,106.84418269999986,complex_corridor,FRC3,21,21,14,14,1.0,False,-6.242365385288672,106.84405667866673,31.777844988721665,True,
2026-07-24T00:45:52.241001+00:00,4307,-6.237238257899974,106.8272395210502,complex_corridor,FRC2,21,21,6,6,1.0,False,-6.237236971031365,106.82743234718856,21.314848279038795,True,
2026-07-24T00:45:52.513536+00:00,4312,-6.237042057899963,106.8269344210502,complex_corridor,FRC2,23,23,6,6,1.0,False,-6.237208807900389,106.82690797532604,18.770772040768108,True,
2026-07-24T00:45:52.781887+00:00,4383,-6.255330045001537,106.84307333999776,complex_corridor,FRC4,25,25,7,7,1.0,False,-6.255170245392188,106.84296367849294,21.509477825194235,True,
2026-07-24T00:45:53.056335+00:00,4421,-6.237577607899957,106.82686737105018,complex_corridor,FRC3,18,18,27,27,1.0,False,-6.237416698431964,106.82692406858013,18.95817050701808,True,
2026-07-24T00:45:53.330734+00:00,5234,-6.255677025000373,106.8431710999986,complex_corridor,FRC4,23,23,6,6,1.0,False,-6.25559934329838,106.84329627241084,16.310649749926508,True,
2026-07-24T00:45:53.603951+00:00,5259,-6.255508725000373,106.84360214999862,complex_corridor,FRC4,26,30,331,287,1.0,False,-6.255457199448482,106.84295563186589,71.6908067558573,True,
2026-07-24T00:45:53.879367+00:00,5296,-6.242909649999996,106.84406470000002,complex_corridor,FRC2,35,35,40,40,1.0,False,-6.24287098327402,106.84404058541264,5.0587612651154314,True,
2026-07-24T01:01:03.732982+00:00,703,-6.235444892859697,106.75583232857385,complex_corridor,FRC2,28,28,6,6,1.0,False,-6.235637002833079,106.75573958241279,23.694334982762854,True,
2026-07-24T01:01:04.024349+00:00,821,-6.288795825000754,106.77763638750048,complex_corridor,FRC1,9,28,121,39,1.0,False,-6.288676397337788,106.77774978959411,18.260596237349766,True,
2026-07-24T01:01:04.311248+00:00,1336,-6.235382350000007,106.7560557,complex_corridor,FRC2,18,27,14,9,0.97,False,-6.235851643158244,106.75634307944131,61.09133400248038,True,
2026-07-24T01:01:04.605337+00:00,2187,-6.234661449999994,106.7555585,complex_corridor,FRC2,39,39,18,18,1.0,False,-6.235295044618109,106.75596622907466,83.63486690954973,True,
2026-07-24T01:01:04.897353+00:00,2188,-6.233655599999991,106.75488135,complex_corridor,FRC2,30,30,32,32,1.0,False,-6.233742064909034,106.75495503627582,12.600808704103487,True,
2026-07-24T01:01:05.187947+00:00,2298,-6.288583799999989,106.77784095,complex_corridor,FRC1,30,41,466,341,1.0,False,-6.288634823320289,106.77780477487897,6.94084144102375,True,
2026-07-24T01:01:05.477718+00:00,2322,-6.2884621,106.7781152,complex_corridor,FRC1,13,26,107,53,0.99,False,-6.288455113550981,106.77822722279888,12.405765015820144,True,
2026-07-24T01:01:05.768270+00:00,2459,-6.23996075,106.79819865,complex_corridor,FRC3,28,28,405,405,1.0,False,-6.239927209643448,106.79835988366938,18.208192291717626,True,
2026-07-24T01:01:06.054595+00:00,2660,-6.288887410002579,106.77817204999796,complex_corridor,FRC1,7,14,63,31,1.0,False,-6.289080056713849,106.77821112954479,21.852459789678804,True,
2026-07-24T01:01:06.341779+00:00,2731,-6.240104349999994,106.79819525,complex_corridor,FRC1,21,21,285,285,1.0,False,-6.254711568502923,106.79717434728451,1628.1638385691926,False,
2026-07-24T01:01:06.631414+00:00,2979,-6.239918790000258,106.79844824999957,complex_corridor,FRC2,15,15,2,2,1.0,False,-6.239928542802509,106.79846583092547,2.2254395550977346,True,
2026-07-24T01:01:06.919336+00:00,3134,-6.2892448600025785,106.77855074999796,complex_corridor,FRC1,22,22,11,11,1.0,False,-6.289262432333267,106.778499467014,5.995427904385316,True,
2026-07-24T01:01:07.205026+00:00,3164,-6.239840140000258,106.79869149999956,complex_corridor,FRC2,24,24,145,145,1.0,False,-6.23981997364873,106.79856239045006,14.446370748590217,True,
2026-07-24T01:01:07.499033+00:00,3940,-6.242815700000143,106.84290446666662,complex_corridor,FRC2,21,21,19,19,1.0,False,-6.242610768682978,106.84288187111798,22.923789898286447,True,
2026-07-24T01:01:07.804520+00:00,3995,-6.2428431,106.8426503,complex_corridor,FRC2,32,32,8,8,1.0,False,-6.24270333943449,106.84230519617961,41.19038604817657,True,
2026-07-24T01:01:08.100063+00:00,4135,-6.242451300001405,106.84346441666648,complex_corridor,FRC3,20,27,20,15,1.0,False,-6.24264159782794,106.84303341592732,52.128779444682614,True,
2026-07-24T01:01:08.392575+00:00,4174,-6.242622250001264,106.84418269999986,complex_corridor,FRC3,21,21,14,14,1.0,False,-6.242365385288672,106.84405667866673,31.777844988721665,True,
2026-07-24T01:01:08.678550+00:00,4307,-6.237238257899974,106.8272395210502,complex_corridor,FRC2,21,21,6,6,1.0,False,-6.237236971031365,106.82743234718856,21.314848279038795,True,
2026-07-24T01:01:08.964103+00:00,4312,-6.237042057899963,106.8269344210502,complex_corridor,FRC2,23,23,6,6,1.0,False,-6.237208807900389,106.82690797532604,18.770772040768108,True,
2026-07-24T01:01:09.255837+00:00,4383,-6.255330045001537,106.84307333999776,complex_corridor,FRC4,25,25,7,7,1.0,False,-6.255170245392188,106.84296367849294,21.509477825194235,True,
2026-07-24T01:01:09.545348+00:00,4421,-6.237577607899957,106.82686737105018,complex_corridor,FRC3,18,18,27,27,1.0,False,-6.237416698431964,106.82692406858013,18.95817050701808,True,
2026-07-24T01:01:09.836521+00:00,5234,-6.255677025000373,106.8431710999986,complex_corridor,FRC4,18,23,7,6,1.0,False,-6.25559934329838,106.84329627241084,16.310649749926508,True,
2026-07-24T01:01:10.129798+00:00,5259,-6.255508725000373,106.84360214999862,complex_corridor,FRC4,25,29,344,297,0.99815,False,-6.255457199448482,106.84295563186589,71.6908067558573,True,
2026-07-24T01:01:10.415077+00:00,5296,-6.242909649999996,106.84406470000002,complex_corridor,FRC2,35,35,40,40,1.0,False,-6.24287098327402,106.84404058541264,5.0587612651154314,True,
2026-07-24T01:15:45.085689+00:00,703,-6.235444892859697,106.75583232857385,complex_corridor,FRC2,28,28,6,6,1.0,False,-6.235637002833079,106.75573958241279,23.694334982762854,True,
2026-07-24T01:15:45.384906+00:00,821,-6.288795825000754,106.77763638750048,complex_corridor,FRC1,15,31,73,35,1.0,False,-6.288676397337788,106.77774978959411,18.260596237349766,True,
2026-07-24T01:15:45.682996+00:00,1336,-6.235382350000007,106.7560557,complex_corridor,FRC2,27,27,9,9,1.0,False,-6.235851643158244,106.75634307944131,61.09133400248038,True,
2026-07-24T01:15:45.974116+00:00,2187,-6.234661449999994,106.7555585,complex_corridor,FRC2,19,38,38,19,0.99,False,-6.235295044618109,106.75596622907466,83.63486690954973,True,
2026-07-24T01:15:46.275008+00:00,2188,-6.233655599999991,106.75488135,complex_corridor,FRC2,30,30,32,32,1.0,False,-6.233742064909034,106.75495503627582,12.600808704103487,True,
2026-07-24T01:15:46.572370+00:00,2298,-6.288583799999989,106.77784095,complex_corridor,FRC1,32,41,437,341,1.0,False,-6.288634823320289,106.77780477487897,6.94084144102375,True,
2026-07-24T01:15:46.866397+00:00,2322,-6.2884621,106.7781152,complex_corridor,FRC1,14,25,100,56,0.99,False,-6.288455113550981,106.77822722279888,12.405765015820144,True,
2026-07-24T01:15:47.168306+00:00,2459,-6.23996075,106.79819865,complex_corridor,FRC3,17,27,668,420,1.0,False,-6.239927209643448,106.79835988366938,18.208192291717626,True,
2026-07-24T01:15:47.461551+00:00,2660,-6.288887410002579,106.77817204999796,complex_corridor,FRC1,15,15,29,29,1.0,False,-6.289080056713849,106.77821112954479,21.852459789678804,True,
2026-07-24T01:15:47.752411+00:00,2731,-6.240104349999994,106.79819525,complex_corridor,FRC1,17,21,353,285,1.0,False,-6.254711568502923,106.79717434728451,1628.1638385691926,False,
2026-07-24T01:15:48.058339+00:00,2979,-6.239918790000258,106.79844824999957,complex_corridor,FRC2,15,15,2,2,1.0,False,-6.239928542802509,106.79846583092547,2.2254395550977346,True,
2026-07-24T01:15:48.362564+00:00,3134,-6.2892448600025785,106.77855074999796,complex_corridor,FRC1,17,22,15,11,1.0,False,-6.289262432333267,106.778499467014,5.995427904385316,True,
2026-07-24T01:15:48.653507+00:00,3164,-6.239840140000258,106.79869149999956,complex_corridor,FRC2,24,24,145,145,1.0,False,-6.23981997364873,106.79856239045006,14.446370748590217,True,
2026-07-24T01:15:48.962976+00:00,3940,-6.242815700000143,106.84290446666662,complex_corridor,FRC2,21,21,19,19,1.0,False,-6.242610768682978,106.84288187111798,22.923789898286447,True,
2026-07-24T01:15:49.278674+00:00,3995,-6.2428431,106.8426503,complex_corridor,FRC2,32,32,8,8,1.0,False,-6.24270333943449,106.84230519617961,41.19038604817657,True,
2026-07-24T01:15:49.574263+00:00,4135,-6.242451300001405,106.84346441666648,complex_corridor,FRC3,21,26,19,16,1.0,False,-6.24264159782794,106.84303341592732,52.128779444682614,True,
2026-07-24T01:15:49.865625+00:00,4174,-6.242622250001264,106.84418269999986,complex_corridor,FRC3,21,21,14,14,1.0,False,-6.242365385288672,106.84405667866673,31.777844988721665,True,
2026-07-24T01:15:50.165566+00:00,4307,-6.237238257899974,106.8272395210502,complex_corridor,FRC2,21,21,6,6,1.0,False,-6.237236971031365,106.82743234718856,21.314848279038795,True,
2026-07-24T01:15:50.459269+00:00,4312,-6.237042057899963,106.8269344210502,complex_corridor,FRC2,17,23,8,6,1.0,False,-6.237208807900389,106.82690797532604,18.770772040768108,True,
2026-07-24T01:15:50.751738+00:00,4383,-6.255330045001537,106.84307333999776,complex_corridor,FRC4,25,25,7,7,1.0,False,-6.255170245392188,106.84296367849294,21.509477825194235,True,
2026-07-24T01:15:51.044967+00:00,4421,-6.237577607899957,106.82686737105018,complex_corridor,FRC3,12,18,41,27,0.99,False,-6.237416698431964,106.82692406858013,18.95817050701808,True,
2026-07-24T01:15:51.345948+00:00,5234,-6.255677025000373,106.8431710999986,complex_corridor,FRC4,23,23,6,6,1.0,False,-6.25559934329838,106.84329627241084,16.310649749926508,True,
2026-07-24T01:15:51.647136+00:00,5259,-6.255508725000373,106.84360214999862,complex_corridor,FRC4,30,30,287,287,1.0,False,-6.255457199448482,106.84295563186589,71.6908067558573,True,
2026-07-24T01:15:51.939097+00:00,5296,-6.242909649999996,106.84406470000002,complex_corridor,FRC2,35,35,40,40,1.0,False,-6.24287098327402,106.84404058541264,5.0587612651154314,True,
2026-07-24T01:30:51.514674+00:00,703,-6.235444892859697,106.75583232857385,complex_corridor,FRC2,28,28,6,6,1.0,False,-6.235637002833079,106.75573958241279,23.694334982762854,True,
2026-07-24T01:30:51.797820+00:00,821,-6.288795825000754,106.77763638750048,complex_corridor,FRC1,13,32,84,34,0.99,False,-6.288676397337788,106.77774978959411,18.260596237349766,True,
2026-07-24T01:30:52.085221+00:00,1336,-6.235382350000007,106.7560557,complex_corridor,FRC2,19,26,14,10,0.98,False,-6.235851643158244,106.75634307944131,61.09133400248038,True,
2026-07-24T01:30:52.380484+00:00,2187,-6.234661449999994,106.7555585,complex_corridor,FRC2,39,39,18,18,1.0,False,-6.235295044618109,106.75596622907466,83.63486690954973,True,
2026-07-24T01:30:52.660959+00:00,2188,-6.233655599999991,106.75488135,complex_corridor,FRC2,30,30,32,32,1.0,False,-6.233742064909034,106.75495503627582,12.600808704103487,True,
2026-07-24T01:30:52.943329+00:00,2298,-6.288583799999989,106.77784095,complex_corridor,FRC1,28,41,500,341,1.0,False,-6.288634823320289,106.77780477487897,6.94084144102375,True,
2026-07-24T01:30:53.221865+00:00,2322,-6.2884621,106.7781152,complex_corridor,FRC1,13,25,107,56,1.0,False,-6.288455113550981,106.77822722279888,12.405765015820144,True,
2026-07-24T01:30:53.502363+00:00,2459,-6.23996075,106.79819865,complex_corridor,FRC3,18,27,631,420,1.0,False,-6.239927209643448,106.79835988366938,18.208192291717626,True,
2026-07-24T01:30:53.806491+00:00,2660,-6.288887410002579,106.77817204999796,complex_corridor,FRC1,11,15,40,29,1.0,False,-6.289080056713849,106.77821112954479,21.852459789678804,True,
2026-07-24T01:30:54.089018+00:00,2731,-6.240104349999994,106.79819525,complex_corridor,FRC1,21,21,285,285,1.0,False,-6.254711568502923,106.79717434728451,1628.1638385691926,False,
2026-07-24T01:30:54.369417+00:00,2979,-6.239918790000258,106.79844824999957,complex_corridor,FRC2,15,15,2,2,1.0,False,-6.239928542802509,106.79846583092547,2.2254395550977346,True,
2026-07-24T01:30:54.654564+00:00,3134,-6.2892448600025785,106.77855074999796,complex_corridor,FRC1,22,22,11,11,1.0,False,-6.289262432333267,106.778499467014,5.995427904385316,True,
2026-07-24T01:30:54.956697+00:00,3164,-6.239840140000258,106.79869149999956,complex_corridor,FRC2,24,24,145,145,1.0,False,-6.23981997364873,106.79856239045006,14.446370748590217,True,
2026-07-24T01:30:55.250564+00:00,3940,-6.242815700000143,106.84290446666662,complex_corridor,FRC2,21,21,19,19,1.0,False,-6.242610768682978,106.84288187111798,22.923789898286447,True,
2026-07-24T01:30:55.531473+00:00,3995,-6.2428431,106.8426503,complex_corridor,FRC2,32,32,8,8,1.0,False,-6.24270333943449,106.84230519617961,41.19038604817657,True,
2026-07-24T01:30:55.814084+00:00,4135,-6.242451300001405,106.84346441666648,complex_corridor,FRC3,27,27,15,15,1.0,False,-6.24264159782794,106.84303341592732,52.128779444682614,True,
2026-07-24T01:30:56.097824+00:00,4174,-6.242622250001264,106.84418269999986,complex_corridor,FRC3,21,21,14,14,1.0,False,-6.242365385288672,106.84405667866673,31.777844988721665,True,
2026-07-24T01:30:56.380265+00:00,4307,-6.237238257899974,106.8272395210502,complex_corridor,FRC2,21,21,6,6,1.0,False,-6.237236971031365,106.82743234718856,21.314848279038795,True,
2026-07-24T01:30:56.660283+00:00,4312,-6.237042057899963,106.8269344210502,complex_corridor,FRC2,23,23,6,6,1.0,False,-6.237208807900389,106.82690797532604,18.770772040768108,True,
2026-07-24T01:30:56.946837+00:00,4383,-6.255330045001537,106.84307333999776,complex_corridor,FRC4,18,24,10,7,1.0,False,-6.255170245392188,106.84296367849294,21.509477825194235,True,
2026-07-24T01:30:57.225844+00:00,4421,-6.237577607899957,106.82686737105018,complex_corridor,FRC3,14,18,35,27,0.99,False,-6.237416698431964,106.82692406858013,18.95817050701808,True,
2026-07-24T01:30:57.505467+00:00,5234,-6.255677025000373,106.8431710999986,complex_corridor,FRC4,23,23,6,6,1.0,False,-6.25559934329838,106.84329627241084,16.310649749926508,True,
2026-07-24T01:30:57.784008+00:00,5259,-6.255508725000373,106.84360214999862,complex_corridor,FRC4,23,30,374,287,0.99911,False,-6.255457199448482,106.84295563186589,71.6908067558573,True,
2026-07-24T01:30:58.064657+00:00,5296,-6.242909649999996,106.84406470000002,complex_corridor,FRC2,35,35,40,40,1.0,False,-6.24287098327402,106.84404058541264,5.0587612651154314,True,
2026-07-24T01:45:52.777884+00:00,703,-6.235444892859697,106.75583232857385,complex_corridor,FRC2,28,28,6,6,1.0,False,-6.235637002833079,106.75573958241279,23.694334982762854,True,
2026-07-24T01:45:53.043658+00:00,821,-6.288795825000754,106.77763638750048,complex_corridor,FRC1,8,28,136,39,1.0,False,-6.288676397337788,106.77774978959411,18.260596237349766,True,
2026-07-24T01:45:53.313224+00:00,1336,-6.235382350000007,106.7560557,complex_corridor,FRC2,27,27,9,9,1.0,False,-6.235851643158244,106.75634307944131,61.09133400248038,True,
2026-07-24T01:45:53.575821+00:00,2187,-6.234661449999994,106.7555585,complex_corridor,FRC2,39,39,18,18,1.0,False,-6.235295044618109,106.75596622907466,83.63486690954973,True,
2026-07-24T01:45:53.838218+00:00,2188,-6.233655599999991,106.75488135,complex_corridor,FRC2,30,30,32,32,1.0,False,-6.233742064909034,106.75495503627582,12.600808704103487,True,
2026-07-24T01:45:54.110683+00:00,2298,-6.288583799999989,106.77784095,complex_corridor,FRC1,30,40,466,350,1.0,False,-6.288634823320289,106.77780477487897,6.94084144102375,True,
2026-07-24T01:45:54.374517+00:00,2322,-6.2884621,106.7781152,complex_corridor,FRC1,12,26,116,53,0.99,False,-6.288455113550981,106.77822722279888,12.405765015820144,True,
2026-07-24T01:45:54.640648+00:00,2459,-6.23996075,106.79819865,complex_corridor,FRC3,28,28,405,405,1.0,False,-6.239927209643448,106.79835988366938,18.208192291717626,True,
2026-07-24T01:45:54.905524+00:00,2660,-6.288887410002579,106.77817204999796,complex_corridor,FRC1,7,14,63,31,1.0,False,-6.289080056713849,106.77821112954479,21.852459789678804,True,
2026-07-24T01:45:55.169509+00:00,2731,-6.240104349999994,106.79819525,complex_corridor,FRC1,21,21,285,285,1.0,False,-6.254711568502923,106.79717434728451,1628.1638385691926,False,
2026-07-24T01:45:55.437550+00:00,2979,-6.239918790000258,106.79844824999957,complex_corridor,FRC2,6,13,7,3,1.0,False,-6.239928542802509,106.79846583092547,2.2254395550977346,True,
2026-07-24T01:45:55.699869+00:00,3134,-6.2892448600025785,106.77855074999796,complex_corridor,FRC1,13,22,20,11,1.0,False,-6.289262432333267,106.778499467014,5.995427904385316,True,
2026-07-24T01:45:55.974194+00:00,3164,-6.239840140000258,106.79869149999956,complex_corridor,FRC2,24,24,145,145,1.0,False,-6.23981997364873,106.79856239045006,14.446370748590217,True,
2026-07-24T01:45:56.241306+00:00,3940,-6.242815700000143,106.84290446666662,complex_corridor,FRC2,21,21,19,19,1.0,False,-6.242610768682978,106.84288187111798,22.923789898286447,True,
2026-07-24T01:45:56.504267+00:00,3995,-6.2428431,106.8426503,complex_corridor,FRC2,3,30,92,9,0.95,False,-6.24270333943449,106.84230519617961,41.19038604817657,True,
2026-07-24T01:45:56.769122+00:00,4135,-6.242451300001405,106.84346441666648,complex_corridor,FRC3,11,27,38,15,1.0,False,-6.24264159782794,106.84303341592732,52.128779444682614,True,
2026-07-24T01:45:57.032331+00:00,4174,-6.242622250001264,106.84418269999986,complex_corridor,FRC3,21,21,14,14,1.0,False,-6.242365385288672,106.84405667866673,31.777844988721665,True,
2026-07-24T01:45:57.299867+00:00,4307,-6.237238257899974,106.8272395210502,complex_corridor,FRC2,21,21,6,6,1.0,False,-6.237236971031365,106.82743234718856,21.314848279038795,True,
2026-07-24T01:45:57.564071+00:00,4312,-6.237042057899963,106.8269344210502,complex_corridor,FRC2,23,23,6,6,1.0,False,-6.237208807900389,106.82690797532604,18.770772040768108,True,
2026-07-24T01:45:57.828678+00:00,4383,-6.255330045001537,106.84307333999776,complex_corridor,FRC4,25,25,7,7,1.0,False,-6.255170245392188,106.84296367849294,21.509477825194235,True,
2026-07-24T01:45:58.091480+00:00,4421,-6.237577607899957,106.82686737105018,complex_corridor,FRC3,9,18,54,27,0.99,False,-6.237416698431964,106.82692406858013,18.95817050701808,True,
2026-07-24T01:45:58.359567+00:00,5234,-6.255677025000373,106.8431710999986,complex_corridor,FRC4,23,23,6,6,1.0,False,-6.25559934329838,106.84329627241084,16.310649749926508,True,
2026-07-24T01:45:58.623865+00:00,5259,-6.255508725000373,106.84360214999862,complex_corridor,FRC4,26,31,331,278,1.0,False,-6.255457199448482,106.84295563186589,71.6908067558573,True,
2026-07-24T01:45:58.887223+00:00,5296,-6.242909649999996,106.84406470000002,complex_corridor,FRC2,35,35,40,40,1.0,False,-6.24287098327402,106.84404058541264,5.0587612651154314,True,
2026-07-24T02:01:01.883266+00:00,703,-6.235444892859697,106.75583232857385,complex_corridor,FRC2,28,28,6,6,1.0,False,-6.235637002833079,106.75573958241279,23.694334982762854,True,
2026-07-24T02:01:02.161742+00:00,821,-6.288795825000754,106.77763638750048,complex_corridor,FRC1,24,31,45,35,1.0,False,-6.288676397337788,106.77774978959411,18.260596237349766,True,
2026-07-24T02:01:02.428193+00:00,1336,-6.235382350000007,106.7560557,complex_corridor,FRC2,27,27,9,9,1.0,False,-6.235851643158244,106.75634307944131,61.09133400248038,True,
2026-07-24T02:01:02.694949+00:00,2187,-6.234661449999994,106.7555585,complex_corridor,FRC2,6,37,123,20,0.99,False,-6.235295044618109,106.75596622907466,83.63486690954973,True,
2026-07-24T02:01:02.966155+00:00,2188,-6.233655599999991,106.75488135,complex_corridor,FRC2,30,30,32,32,1.0,False,-6.233742064909034,106.75495503627582,12.600808704103487,True,
2026-07-24T02:01:03.232625+00:00,2298,-6.288583799999989,106.77784095,complex_corridor,FRC1,30,40,466,350,1.0,False,-6.288634823320289,106.77780477487897,6.94084144102375,True,
2026-07-24T02:01:03.498384+00:00,2322,-6.2884621,106.7781152,complex_corridor,FRC1,26,26,53,53,1.0,False,-6.288455113550981,106.77822722279888,12.405765015820144,True,
2026-07-24T02:01:03.761844+00:00,2459,-6.23996075,106.79819865,complex_corridor,FRC3,19,28,597,405,1.0,False,-6.239927209643448,106.79835988366938,18.208192291717626,True,
2026-07-24T02:01:04.025409+00:00,2660,-6.288887410002579,106.77817204999796,complex_corridor,FRC1,10,14,44,31,1.0,False,-6.289080056713849,106.77821112954479,21.852459789678804,True,
2026-07-24T02:01:04.290997+00:00,2731,-6.240104349999994,106.79819525,complex_corridor,FRC1,21,21,285,285,1.0,False,-6.254711568502923,106.79717434728451,1628.1638385691926,False,
2026-07-24T02:01:04.560351+00:00,2979,-6.239918790000258,106.79844824999957,complex_corridor,FRC2,9,15,4,2,1.0,False,-6.239928542802509,106.79846583092547,2.2254395550977346,True,
2026-07-24T02:01:04.826834+00:00,3134,-6.2892448600025785,106.77855074999796,complex_corridor,FRC1,22,22,11,11,1.0,False,-6.289262432333267,106.778499467014,5.995427904385316,True,
2026-07-24T02:01:05.098545+00:00,3164,-6.239840140000258,106.79869149999956,complex_corridor,FRC2,24,24,145,145,1.0,False,-6.23981997364873,106.79856239045006,14.446370748590217,True,
2026-07-24T02:01:05.365880+00:00,3940,-6.242815700000143,106.84290446666662,complex_corridor,FRC2,21,21,19,19,1.0,False,-6.242610768682978,106.84288187111798,22.923789898286447,True,
2026-07-24T02:01:05.636962+00:00,3995,-6.2428431,106.8426503,complex_corridor,FRC2,32,32,8,8,1.0,False,-6.24270333943449,106.84230519617961,41.19038604817657,True,
2026-07-24T02:01:05.932739+00:00,4135,-6.242451300001405,106.84346441666648,complex_corridor,FRC3,15,26,27,16,1.0,False,-6.24264159782794,106.84303341592732,52.128779444682614,True,
2026-07-24T02:01:06.202285+00:00,4174,-6.242622250001264,106.84418269999986,complex_corridor,FRC3,21,21,14,14,1.0,False,-6.242365385288672,106.84405667866673,31.777844988721665,True,
2026-07-24T02:01:06.474810+00:00,4307,-6.237238257899974,106.8272395210502,complex_corridor,FRC2,21,21,6,6,1.0,False,-6.237236971031365,106.82743234718856,21.314848279038795,True,
2026-07-24T02:01:06.743020+00:00,4312,-6.237042057899963,106.8269344210502,complex_corridor,FRC2,23,23,6,6,1.0,False,-6.237208807900389,106.82690797532604,18.770772040768108,True,
2026-07-24T02:01:07.032637+00:00,4383,-6.255330045001537,106.84307333999776,complex_corridor,FRC4,25,25,7,7,1.0,False,-6.255170245392188,106.84296367849294,21.509477825194235,True,
2026-07-24T02:01:07.299623+00:00,4421,-6.237577607899957,106.82686737105018,complex_corridor,FRC3,9,18,54,27,1.0,False,-6.237416698431964,106.82692406858013,18.95817050701808,True,
2026-07-24T02:01:07.576836+00:00,5234,-6.255677025000373,106.8431710999986,complex_corridor,FRC4,17,23,8,6,1.0,False,-6.25559934329838,106.84329627241084,16.310649749926508,True,
2026-07-24T02:01:07.842687+00:00,5259,-6.255508725000373,106.84360214999862,complex_corridor,FRC4,18,30,478,287,1.0,False,-6.255457199448482,106.84295563186589,71.6908067558573,True,
2026-07-24T02:01:08.113224+00:00,5296,-6.242909649999996,106.84406470000002,complex_corridor,FRC2,35,35,40,40,1.0,False,-6.24287098327402,106.84404058541264,5.0587612651154314,True,
2026-07-24T02:15:56.654549+00:00,703,-6.235444892859697,106.75583232857385,complex_corridor,FRC2,28,28,6,6,1.0,False,-6.235637002833079,106.75573958241279,23.694334982762854,True,
2026-07-24T02:15:56.943417+00:00,821,-6.288795825000754,106.77763638750048,complex_corridor,FRC1,16,30,68,36,1.0,False,-6.288676397337788,106.77774978959411,18.260596237349766,True,
2026-07-24T02:15:57.231428+00:00,1336,-6.235382350000007,106.7560557,complex_corridor,FRC2,27,27,9,9,1.0,False,-6.235851643158244,106.75634307944131,61.09133400248038,True,
2026-07-24T02:15:57.518910+00:00,2187,-6.234661449999994,106.7555585,complex_corridor,FRC2,39,39,18,18,1.0,False,-6.235295044618109,106.75596622907466,83.63486690954973,True,
2026-07-24T02:15:57.807392+00:00,2188,-6.233655599999991,106.75488135,complex_corridor,FRC2,30,30,32,32,1.0,False,-6.233742064909034,106.75495503627582,12.600808704103487,True,
2026-07-24T02:15:58.098348+00:00,2298,-6.288583799999989,106.77784095,complex_corridor,FRC1,30,41,466,341,1.0,False,-6.288634823320289,106.77780477487897,6.94084144102375,True,
2026-07-24T02:15:58.388113+00:00,2322,-6.2884621,106.7781152,complex_corridor,FRC1,14,25,100,56,0.99,False,-6.288455113550981,106.77822722279888,12.405765015820144,True,
2026-07-24T02:15:58.676936+00:00,2459,-6.23996075,106.79819865,complex_corridor,FRC3,21,28,541,405,1.0,False,-6.239927209643448,106.79835988366938,18.208192291717626,True,
2026-07-24T02:15:58.969746+00:00,2660,-6.288887410002579,106.77817204999796,complex_corridor,FRC1,12,15,37,29,1.0,False,-6.289080056713849,106.77821112954479,21.852459789678804,True,
2026-07-24T02:15:59.260796+00:00,2731,-6.240104349999994,106.79819525,complex_corridor,FRC1,15,20,400,300,1.0,False,-6.254711568502923,106.79717434728451,1628.1638385691926,False,
2026-07-24T02:15:59.547913+00:00,2979,-6.239918790000258,106.79844824999957,complex_corridor,FRC2,6,15,7,2,1.0,False,-6.239928542802509,106.79846583092547,2.2254395550977346,True,
2026-07-24T02:15:59.834764+00:00,3134,-6.2892448600025785,106.77855074999796,complex_corridor,FRC1,22,22,11,11,1.0,False,-6.289262432333267,106.778499467014,5.995427904385316,True,
2026-07-24T02:16:00.123380+00:00,3164,-6.239840140000258,106.79869149999956,complex_corridor,FRC2,24,24,145,145,1.0,False,-6.23981997364873,106.79856239045006,14.446370748590217,True,
2026-07-24T02:16:00.411390+00:00,3940,-6.242815700000143,106.84290446666662,complex_corridor,FRC2,21,21,19,19,1.0,False,-6.242610768682978,106.84288187111798,22.923789898286447,True,
2026-07-24T02:16:00.697097+00:00,3995,-6.2428431,106.8426503,complex_corridor,FRC2,32,32,8,8,1.0,False,-6.24270333943449,106.84230519617961,41.19038604817657,True,
2026-07-24T02:16:00.992043+00:00,4135,-6.242451300001405,106.84346441666648,complex_corridor,FRC3,20,27,20,15,1.0,False,-6.24264159782794,106.84303341592732,52.128779444682614,True,
2026-07-24T02:16:01.282581+00:00,4174,-6.242622250001264,106.84418269999986,complex_corridor,FRC3,21,21,14,14,1.0,False,-6.242365385288672,106.84405667866673,31.777844988721665,True,
2026-07-24T02:16:01.574643+00:00,4307,-6.237238257899974,106.8272395210502,complex_corridor,FRC2,21,21,6,6,1.0,False,-6.237236971031365,106.82743234718856,21.314848279038795,True,
2026-07-24T02:16:01.866313+00:00,4312,-6.237042057899963,106.8269344210502,complex_corridor,FRC2,23,23,6,6,1.0,False,-6.237208807900389,106.82690797532604,18.770772040768108,True,
2026-07-24T02:16:02.155379+00:00,4383,-6.255330045001537,106.84307333999776,complex_corridor,FRC4,25,25,7,7,1.0,False,-6.255170245392188,106.84296367849294,21.509477825194235,True,
2026-07-24T02:16:02.442558+00:00,4421,-6.237577607899957,106.82686737105018,complex_corridor,FRC3,7,18,70,27,0.99,False,-6.237416698431964,106.82692406858013,18.95817050701808,True,
2026-07-24T02:16:02.730415+00:00,5234,-6.255677025000373,106.8431710999986,complex_corridor,FRC4,23,23,6,6,1.0,False,-6.25559934329838,106.84329627241084,16.310649749926508,True,
2026-07-24T02:16:03.018324+00:00,5259,-6.255508725000373,106.84360214999862,complex_corridor,FRC4,19,31,453,278,0.997093,False,-6.255457199448482,106.84295563186589,71.6908067558573,True,
2026-07-24T02:16:03.306407+00:00,5296,-6.242909649999996,106.84406470000002,complex_corridor,FRC2,35,35,40,40,1.0,False,-6.24287098327402,106.84404058541264,5.0587612651154314,True,
2026-07-24T02:30:57.174341+00:00,703,-6.235444892859697,106.75583232857385,complex_corridor,FRC2,28,28,6,6,1.0,False,-6.235637002833079,106.75573958241279,23.694334982762854,True,
2026-07-24T02:30:57.453673+00:00,821,-6.288795825000754,106.77763638750048,complex_corridor,FRC1,31,31,35,35,1.0,False,-6.288676397337788,106.77774978959411,18.260596237349766,True,
2026-07-24T02:30:57.737440+00:00,1336,-6.235382350000007,106.7560557,complex_corridor,FRC2,27,27,9,9,1.0,False,-6.235851643158244,106.75634307944131,61.09133400248038,True,
2026-07-24T02:30:58.018258+00:00,2187,-6.234661449999994,106.7555585,complex_corridor,FRC2,39,39,18,18,1.0,False,-6.235295044618109,106.75596622907466,83.63486690954973,True,
2026-07-24T02:30:58.304993+00:00,2188,-6.233655599999991,106.75488135,complex_corridor,FRC2,30,30,32,32,1.0,False,-6.233742064909034,106.75495503627582,12.600808704103487,True,
2026-07-24T02:30:58.586886+00:00,2298,-6.288583799999989,106.77784095,complex_corridor,FRC1,29,40,482,350,1.0,False,-6.288634823320289,106.77780477487897,6.94084144102375,True,
2026-07-24T02:30:58.888123+00:00,2322,-6.2884621,106.7781152,complex_corridor,FRC1,26,26,53,53,1.0,False,-6.288455113550981,106.77822722279888,12.405765015820144,True,
2026-07-24T02:30:59.166348+00:00,2459,-6.23996075,106.79819865,complex_corridor,FRC3,21,28,541,405,1.0,False,-6.239927209643448,106.79835988366938,18.208192291717626,True,
2026-07-24T02:30:59.443945+00:00,2660,-6.288887410002579,106.77817204999796,complex_corridor,FRC1,12,15,37,29,1.0,False,-6.289080056713849,106.77821112954479,21.852459789678804,True,
2026-07-24T02:30:59.725405+00:00,2731,-6.240104349999994,106.79819525,complex_corridor,FRC1,17,21,353,285,1.0,False,-6.254711568502923,106.79717434728451,1628.1638385691926,False,
2026-07-24T02:31:00.009723+00:00,2979,-6.239918790000258,106.79844824999957,complex_corridor,FRC2,9,13,4,3,1.0,False,-6.239928542802509,106.79846583092547,2.2254395550977346,True,
2026-07-24T02:31:00.287472+00:00,3134,-6.2892448600025785,106.77855074999796,complex_corridor,FRC1,22,22,11,11,1.0,False,-6.289262432333267,106.778499467014,5.995427904385316,True,
2026-07-24T02:31:00.568680+00:00,3164,-6.239840140000258,106.79869149999956,complex_corridor,FRC2,24,24,145,145,1.0,False,-6.23981997364873,106.79856239045006,14.446370748590217,True,
2026-07-24T02:31:00.848373+00:00,3940,-6.242815700000143,106.84290446666662,complex_corridor,FRC2,21,21,19,19,1.0,False,-6.242610768682978,106.84288187111798,22.923789898286447,True,
2026-07-24T02:31:01.129371+00:00,3995,-6.2428431,106.8426503,complex_corridor,FRC2,32,32,8,8,1.0,False,-6.24270333943449,106.84230519617961,41.19038604817657,True,
2026-07-24T02:31:01.418048+00:00,4135,-6.242451300001405,106.84346441666648,complex_corridor,FRC3,27,27,15,15,1.0,False,-6.24264159782794,106.84303341592732,52.128779444682614,True,
2026-07-24T02:31:01.696036+00:00,4174,-6.242622250001264,106.84418269999986,complex_corridor,FRC3,21,21,14,14,1.0,False,-6.242365385288672,106.84405667866673,31.777844988721665,True,
2026-07-24T02:31:01.972423+00:00,4307,-6.237238257899974,106.8272395210502,complex_corridor,FRC2,16,20,8,6,1.0,False,-6.237236971031365,106.82743234718856,21.314848279038795,True,
2026-07-24T02:31:02.259733+00:00,4312,-6.237042057899963,106.8269344210502,complex_corridor,FRC2,23,23,6,6,1.0,False,-6.237208807900389,106.82690797532604,18.770772040768108,True,
2026-07-24T02:31:02.538161+00:00,4383,-6.255330045001537,106.84307333999776,complex_corridor,FRC4,25,25,7,7,1.0,False,-6.255170245392188,106.84296367849294,21.509477825194235,True,
2026-07-24T02:31:02.818205+00:00,4421,-6.237577607899957,106.82686737105018,complex_corridor,FRC3,8,17,61,28,0.99,False,-6.237416698431964,106.82692406858013,18.95817050701808,True,
2026-07-24T02:31:03.100677+00:00,5234,-6.255677025000373,106.8431710999986,complex_corridor,FRC4,23,23,6,6,1.0,False,-6.25559934329838,106.84329627241084,16.310649749926508,True,
2026-07-24T02:31:03.380818+00:00,5259,-6.255508725000373,106.84360214999862,complex_corridor,FRC4,17,30,506,287,0.996315,False,-6.255457199448482,106.84295563186589,71.6908067558573,True,
2026-07-24T02:31:03.662266+00:00,5296,-6.242909649999996,106.84406470000002,complex_corridor,FRC2,35,35,40,40,1.0,False,-6.24287098327402,106.84404058541264,5.0587612651154314,True,
2026-07-24T02:45:48.555642+00:00,703,-6.235444892859697,106.75583232857385,complex_corridor,FRC2,28,28,6,6,1.0,False,-6.235637002833079,106.75573958241279,23.694334982762854,True,
2026-07-24T02:45:48.833016+00:00,821,-6.288795825000754,106.77763638750048,complex_corridor,FRC1,31,31,35,35,1.0,False,-6.288676397337788,106.77774978959411,18.260596237349766,True,
2026-07-24T02:45:49.101195+00:00,1336,-6.235382350000007,106.7560557,complex_corridor,FRC2,12,27,22,9,0.98,False,-6.235851643158244,106.75634307944131,61.09133400248038,True,
2026-07-24T02:45:49.367641+00:00,2187,-6.234661449999994,106.7555585,complex_corridor,FRC2,20,39,37,18,0.99,False,-6.235295044618109,106.75596622907466,83.63486690954973,True,
2026-07-24T02:45:49.640359+00:00,2188,-6.233655599999991,106.75488135,complex_corridor,FRC2,30,30,32,32,1.0,False,-6.233742064909034,106.75495503627582,12.600808704103487,True,
2026-07-24T02:45:49.905159+00:00,2298,-6.288583799999989,106.77784095,complex_corridor,FRC1,32,40,437,350,1.0,False,-6.288634823320289,106.77780477487897,6.94084144102375,True,
2026-07-24T02:45:50.168410+00:00,2322,-6.2884621,106.7781152,complex_corridor,FRC1,26,26,53,53,1.0,False,-6.288455113550981,106.77822722279888,12.405765015820144,True,
2026-07-24T02:45:50.437211+00:00,2459,-6.23996075,106.79819865,complex_corridor,FRC3,16,28,710,405,1.0,False,-6.239927209643448,106.79835988366938,18.208192291717626,True,
2026-07-24T02:45:50.704220+00:00,2660,-6.288887410002579,106.77817204999796,complex_corridor,FRC1,11,15,40,29,1.0,False,-6.289080056713849,106.77821112954479,21.852459789678804,True,
2026-07-24T02:45:50.968077+00:00,2731,-6.240104349999994,106.79819525,complex_corridor,FRC1,16,20,375,300,1.0,False,-6.254711568502923,106.79717434728451,1628.1638385691926,False,
2026-07-24T02:45:51.237778+00:00,2979,-6.239918790000258,106.79844824999957,complex_corridor,FRC2,6,15,7,2,1.0,False,-6.239928542802509,106.79846583092547,2.2254395550977346,True,
2026-07-24T02:45:51.501543+00:00,3134,-6.2892448600025785,106.77855074999796,complex_corridor,FRC1,22,22,11,11,1.0,False,-6.289262432333267,106.778499467014,5.995427904385316,True,
2026-07-24T02:45:51.765184+00:00,3164,-6.239840140000258,106.79869149999956,complex_corridor,FRC2,20,24,174,145,1.0,False,-6.23981997364873,106.79856239045006,14.446370748590217,True,
2026-07-24T02:45:52.040389+00:00,3940,-6.242815700000143,106.84290446666662,complex_corridor,FRC2,21,21,19,19,1.0,False,-6.242610768682978,106.84288187111798,22.923789898286447,True,
2026-07-24T02:45:52.312395+00:00,3995,-6.2428431,106.8426503,complex_corridor,FRC2,32,32,8,8,1.0,False,-6.24270333943449,106.84230519617961,41.19038604817657,True,
2026-07-24T02:45:52.576575+00:00,4135,-6.242451300001405,106.84346441666648,complex_corridor,FRC3,27,27,15,15,1.0,False,-6.24264159782794,106.84303341592732,52.128779444682614,True,
2026-07-24T02:45:52.843959+00:00,4174,-6.242622250001264,106.84418269999986,complex_corridor,FRC3,9,20,32,14,0.97,False,-6.242365385288672,106.84405667866673,31.777844988721665,True,
2026-07-24T02:45:53.108250+00:00,4307,-6.237238257899974,106.8272395210502,complex_corridor,FRC2,21,21,6,6,1.0,False,-6.237236971031365,106.82743234718856,21.314848279038795,True,
2026-07-24T02:45:53.370001+00:00,4312,-6.237042057899963,106.8269344210502,complex_corridor,FRC2,15,22,9,6,1.0,False,-6.237208807900389,106.82690797532604,18.770772040768108,True,
2026-07-24T02:45:53.636587+00:00,4383,-6.255330045001537,106.84307333999776,complex_corridor,FRC4,25,25,7,7,1.0,False,-6.255170245392188,106.84296367849294,21.509477825194235,True,
2026-07-24T02:45:53.900870+00:00,4421,-6.237577607899957,106.82686737105018,complex_corridor,FRC3,12,17,41,28,0.98,False,-6.237416698431964,106.82692406858013,18.95817050701808,True,
2026-07-24T02:45:54.166158+00:00,5234,-6.255677025000373,106.8431710999986,complex_corridor,FRC4,23,23,6,6,1.0,False,-6.25559934329838,106.84329627241084,16.310649749926508,True,
2026-07-24T02:45:54.428581+00:00,5259,-6.255508725000373,106.84360214999862,complex_corridor,FRC4,19,31,453,278,0.993083,False,-6.255457199448482,106.84295563186589,71.6908067558573,True,
2026-07-24T02:45:54.691937+00:00,5296,-6.242909649999996,106.84406470000002,complex_corridor,FRC2,28,35,50,40,1.0,False,-6.24287098327402,106.84404058541264,5.0587612651154314,True,
2026-07-24T03:00:58.030010+00:00,703,-6.235444892859697,106.75583232857385,complex_corridor,FRC2,28,28,6,6,1.0,False,-6.235637002833079,106.75573958241279,23.694334982762854,True,
2026-07-24T03:00:58.298514+00:00,821,-6.288795825000754,106.77763638750048,complex_corridor,FRC1,31,31,35,35,1.0,False,-6.288676397337788,106.77774978959411,18.260596237349766,True,
2026-07-24T03:00:58.574181+00:00,1336,-6.235382350000007,106.7560557,complex_corridor,FRC2,15,26,17,10,1.0,False,-6.235851643158244,106.75634307944131,61.09133400248038,True,
2026-07-24T03:00:58.836985+00:00,2187,-6.234661449999994,106.7555585,complex_corridor,FRC2,39,39,18,18,1.0,False,-6.235295044618109,106.75596622907466,83.63486690954973,True,
2026-07-24T03:00:59.113327+00:00,2188,-6.233655599999991,106.75488135,complex_corridor,FRC2,30,30,32,32,1.0,False,-6.233742064909034,106.75495503627582,12.600808704103487,True,
2026-07-24T03:00:59.377444+00:00,2298,-6.288583799999989,106.77784095,complex_corridor,FRC1,28,40,500,350,1.0,False,-6.288634823320289,106.77780477487897,6.94084144102375,True,
2026-07-24T03:00:59.641484+00:00,2322,-6.2884621,106.7781152,complex_corridor,FRC1,26,26,53,53,1.0,False,-6.288455113550981,106.77822722279888,12.405765015820144,True,
2026-07-24T03:00:59.904129+00:00,2459,-6.23996075,106.79819865,complex_corridor,FRC3,21,27,541,420,1.0,False,-6.239927209643448,106.79835988366938,18.208192291717626,True,
2026-07-24T03:01:00.173167+00:00,2660,-6.288887410002579,106.77817204999796,complex_corridor,FRC1,12,15,37,29,1.0,False,-6.289080056713849,106.77821112954479,21.852459789678804,True,
2026-07-24T03:01:00.443657+00:00,2731,-6.240104349999994,106.79819525,complex_corridor,FRC1,15,21,400,285,1.0,False,-6.254711568502923,106.79717434728451,1628.1638385691926,False,
2026-07-24T03:01:00.707151+00:00,2979,-6.239918790000258,106.79844824999957,complex_corridor,FRC2,15,15,2,2,1.0,False,-6.239928542802509,106.79846583092547,2.2254395550977346,True,
2026-07-24T03:01:00.976183+00:00,3134,-6.2892448600025785,106.77855074999796,complex_corridor,FRC1,14,22,18,11,1.0,False,-6.289262432333267,106.778499467014,5.995427904385316,True,
2026-07-24T03:01:01.240303+00:00,3164,-6.239840140000258,106.79869149999956,complex_corridor,FRC2,20,24,174,145,1.0,False,-6.23981997364873,106.79856239045006,14.446370748590217,True,
2026-07-24T03:01:01.507554+00:00,3940,-6.242815700000143,106.84290446666662,complex_corridor,FRC2,21,21,19,19,1.0,False,-6.242610768682978,106.84288187111798,22.923789898286447,True,
2026-07-24T03:01:01.772454+00:00,3995,-6.2428431,106.8426503,complex_corridor,FRC2,32,32,8,8,1.0,False,-6.24270333943449,106.84230519617961,41.19038604817657,True,
2026-07-24T03:01:02.042171+00:00,4135,-6.242451300001405,106.84346441666648,complex_corridor,FRC3,9,26,46,16,1.0,False,-6.24264159782794,106.84303341592732,52.128779444682614,True,
2026-07-24T03:01:02.311147+00:00,4174,-6.242622250001264,106.84418269999986,complex_corridor,FRC3,21,21,14,14,1.0,False,-6.242365385288672,106.84405667866673,31.777844988721665,True,
2026-07-24T03:01:02.575280+00:00,4307,-6.237238257899974,106.8272395210502,complex_corridor,FRC2,21,21,6,6,1.0,False,-6.237236971031365,106.82743234718856,21.314848279038795,True,
2026-07-24T03:01:02.841172+00:00,4312,-6.237042057899963,106.8269344210502,complex_corridor,FRC2,23,23,6,6,1.0,False,-6.237208807900389,106.82690797532604,18.770772040768108,True,
2026-07-24T03:01:03.107048+00:00,4383,-6.255330045001537,106.84307333999776,complex_corridor,FRC4,25,25,7,7,1.0,False,-6.255170245392188,106.84296367849294,21.509477825194235,True,
2026-07-24T03:01:03.375905+00:00,4421,-6.237577607899957,106.82686737105018,complex_corridor,FRC3,18,18,27,27,1.0,False,-6.237416698431964,106.82692406858013,18.95817050701808,True,
2026-07-24T03:01:03.649303+00:00,5234,-6.255677025000373,106.8431710999986,complex_corridor,FRC4,23,23,6,6,1.0,False,-6.25559934329838,106.84329627241084,16.310649749926508,True,
2026-07-24T03:01:03.917276+00:00,5259,-6.255508725000373,106.84360214999862,complex_corridor,FRC4,18,30,478,287,0.99637,False,-6.255457199448482,106.84295563186589,71.6908067558573,True,
2026-07-24T03:01:04.190777+00:00,5296,-6.242909649999996,106.84406470000002,complex_corridor,FRC2,35,35,40,40,1.0,False,-6.24287098327402,106.84404058541264,5.0587612651154314,True,
2026-07-24T03:15:47.327863+00:00,703,-6.235444892859697,106.75583232857385,complex_corridor,FRC2,28,28,6,6,1.0,False,-6.235637002833079,106.75573958241279,23.694334982762854,True,
2026-07-24T03:15:47.618293+00:00,821,-6.288795825000754,106.77763638750048,complex_corridor,FRC1,23,31,47,35,0.99,False,-6.288676397337788,106.77774978959411,18.260596237349766,True,
2026-07-24T03:15:47.904174+00:00,1336,-6.235382350000007,106.7560557,complex_corridor,FRC2,27,27,9,9,1.0,False,-6.235851643158244,106.75634307944131,61.09133400248038,True,
2026-07-24T03:15:48.204480+00:00,2187,-6.234661449999994,106.7555585,complex_corridor,FRC2,39,39,18,18,1.0,False,-6.235295044618109,106.75596622907466,83.63486690954973,True,
2026-07-24T03:15:48.492707+00:00,2188,-6.233655599999991,106.75488135,complex_corridor,FRC2,30,30,32,32,1.0,False,-6.233742064909034,106.75495503627582,12.600808704103487,True,
2026-07-24T03:15:48.776834+00:00,2298,-6.288583799999989,106.77784095,complex_corridor,FRC1,28,40,500,350,1.0,False,-6.288634823320289,106.77780477487897,6.94084144102375,True,
2026-07-24T03:15:49.065596+00:00,2322,-6.2884621,106.7781152,complex_corridor,FRC1,26,26,53,53,1.0,False,-6.288455113550981,106.77822722279888,12.405765015820144,True,
2026-07-24T03:15:49.349529+00:00,2459,-6.23996075,106.79819865,complex_corridor,FRC3,21,28,541,405,1.0,False,-6.239927209643448,106.79835988366938,18.208192291717626,True,
2026-07-24T03:15:49.634002+00:00,2660,-6.288887410002579,106.77817204999796,complex_corridor,FRC1,11,15,40,29,1.0,False,-6.289080056713849,106.77821112954479,21.852459789678804,True,
2026-07-24T03:15:49.913950+00:00,2731,-6.240104349999994,106.79819525,complex_corridor,FRC1,21,21,285,285,1.0,False,-6.254711568502923,106.79717434728451,1628.1638385691926,False,
2026-07-24T03:15:50.203674+00:00,2979,-6.239918790000258,106.79844824999957,complex_corridor,FRC2,15,15,2,2,1.0,False,-6.239928542802509,106.79846583092547,2.2254395550977346,True,
2026-07-24T03:15:50.493249+00:00,3134,-6.2892448600025785,106.77855074999796,complex_corridor,FRC1,14,21,18,12,1.0,False,-6.289262432333267,106.778499467014,5.995427904385316,True,
2026-07-24T03:15:50.777053+00:00,3164,-6.239840140000258,106.79869149999956,complex_corridor,FRC2,24,24,145,145,1.0,False,-6.23981997364873,106.79856239045006,14.446370748590217,True,
2026-07-24T03:15:51.058514+00:00,3940,-6.242815700000143,106.84290446666662,complex_corridor,FRC2,14,20,28,20,0.99,False,-6.242610768682978,106.84288187111798,22.923789898286447,True,
2026-07-24T03:15:51.341005+00:00,3995,-6.2428431,106.8426503,complex_corridor,FRC2,25,32,11,8,0.97,False,-6.24270333943449,106.84230519617961,41.19038604817657,True,
2026-07-24T03:15:51.623913+00:00,4135,-6.242451300001405,106.84346441666648,complex_corridor,FRC3,27,27,15,15,1.0,False,-6.24264159782794,106.84303341592732,52.128779444682614,True,
2026-07-24T03:15:51.909932+00:00,4174,-6.242622250001264,106.84418269999986,complex_corridor,FRC3,21,21,14,14,1.0,False,-6.242365385288672,106.84405667866673,31.777844988721665,True,
2026-07-24T03:15:52.209720+00:00,4307,-6.237238257899974,106.8272395210502,complex_corridor,FRC2,17,21,7,6,0.97,False,-6.237236971031365,106.82743234718856,21.314848279038795,True,
2026-07-24T03:15:52.497240+00:00,4312,-6.237042057899963,106.8269344210502,complex_corridor,FRC2,23,23,6,6,1.0,False,-6.237208807900389,106.82690797532604,18.770772040768108,True,
2026-07-24T03:15:52.782975+00:00,4383,-6.255330045001537,106.84307333999776,complex_corridor,FRC4,25,25,7,7,1.0,False,-6.255170245392188,106.84296367849294,21.509477825194235,True,
2026-07-24T03:15:53.075457+00:00,4421,-6.237577607899957,106.82686737105018,complex_corridor,FRC3,18,18,27,27,1.0,False,-6.237416698431964,106.82692406858013,18.95817050701808,True,
2026-07-24T03:15:53.358245+00:00,5234,-6.255677025000373,106.8431710999986,complex_corridor,FRC4,23,23,6,6,1.0,False,-6.25559934329838,106.84329627241084,16.310649749926508,True,
2026-07-24T03:15:53.647756+00:00,5259,-6.255508725000373,106.84360214999862,complex_corridor,FRC4,19,29,453,297,0.994536,False,-6.255457199448482,106.84295563186589,71.6908067558573,True,
2026-07-24T03:15:53.930318+00:00,5296,-6.242909649999996,106.84406470000002,complex_corridor,FRC2,25,35,56,40,1.0,False,-6.24287098327402,106.84404058541264,5.0587612651154314,True,
2026-07-24T03:30:52.415044+00:00,703,-6.235444892859697,106.75583232857385,complex_corridor,FRC2,28,28,6,6,1.0,False,-6.235637002833079,106.75573958241279,23.694334982762854,True,
2026-07-24T03:30:52.682835+00:00,821,-6.288795825000754,106.77763638750048,complex_corridor,FRC1,31,31,35,35,1.0,False,-6.288676397337788,106.77774978959411,18.260596237349766,True,
2026-07-24T03:30:52.952155+00:00,1336,-6.235382350000007,106.7560557,complex_corridor,FRC2,27,27,9,9,1.0,False,-6.235851643158244,106.75634307944131,61.09133400248038,True,
2026-07-24T03:30:53.219392+00:00,2187,-6.234661449999994,106.7555585,complex_corridor,FRC2,39,39,18,18,1.0,False,-6.235295044618109,106.75596622907466,83.63486690954973,True,
2026-07-24T03:30:53.484438+00:00,2188,-6.233655599999991,106.75488135,complex_corridor,FRC2,30,30,32,32,1.0,False,-6.233742064909034,106.75495503627582,12.600808704103487,True,
2026-07-24T03:30:53.753176+00:00,2298,-6.288583799999989,106.77784095,complex_corridor,FRC1,29,40,482,350,1.0,False,-6.288634823320289,106.77780477487897,6.94084144102375,True,
2026-07-24T03:30:54.022273+00:00,2322,-6.2884621,106.7781152,complex_corridor,FRC1,19,25,73,56,1.0,False,-6.288455113550981,106.77822722279888,12.405765015820144,True,
2026-07-24T03:30:54.289036+00:00,2459,-6.23996075,106.79819865,complex_corridor,FRC3,17,27,668,420,1.0,False,-6.239927209643448,106.79835988366938,18.208192291717626,True,
2026-07-24T03:30:54.552390+00:00,2660,-6.288887410002579,106.77817204999796,complex_corridor,FRC1,12,15,37,29,1.0,False,-6.289080056713849,106.77821112954479,21.852459789678804,True,
2026-07-24T03:30:54.816321+00:00,2731,-6.240104349999994,106.79819525,complex_corridor,FRC1,14,20,428,300,1.0,False,-6.254711568502923,106.79717434728451,1628.1638385691926,False,
2026-07-24T03:30:55.082438+00:00,2979,-6.239918790000258,106.79844824999957,complex_corridor,FRC2,15,15,2,2,1.0,False,-6.239928542802509,106.79846583092547,2.2254395550977346,True,
2026-07-24T03:30:55.346291+00:00,3134,-6.2892448600025785,106.77855074999796,complex_corridor,FRC1,22,22,11,11,1.0,False,-6.289262432333267,106.778499467014,5.995427904385316,True,
2026-07-24T03:30:55.612219+00:00,3164,-6.239840140000258,106.79869149999956,complex_corridor,FRC2,24,24,145,145,1.0,False,-6.23981997364873,106.79856239045006,14.446370748590217,True,
2026-07-24T03:30:55.874454+00:00,3940,-6.242815700000143,106.84290446666662,complex_corridor,FRC2,21,21,19,19,1.0,False,-6.242610768682978,106.84288187111798,22.923789898286447,True,
2026-07-24T03:30:56.141057+00:00,3995,-6.2428431,106.8426503,complex_corridor,FRC2,13,30,21,9,0.97,False,-6.24270333943449,106.84230519617961,41.19038604817657,True,
2026-07-24T03:30:56.419084+00:00,4135,-6.242451300001405,106.84346441666648,complex_corridor,FRC3,27,27,15,15,1.0,False,-6.24264159782794,106.84303341592732,52.128779444682614,True,
2026-07-24T03:30:56.682551+00:00,4174,-6.242622250001264,106.84418269999986,complex_corridor,FRC3,21,21,14,14,1.0,False,-6.242365385288672,106.84405667866673,31.777844988721665,True,
2026-07-24T03:30:56.950074+00:00,4307,-6.237238257899974,106.8272395210502,complex_corridor,FRC2,16,20,8,6,0.96,False,-6.237236971031365,106.82743234718856,21.314848279038795,True,
2026-07-24T03:30:57.227327+00:00,4312,-6.237042057899963,106.8269344210502,complex_corridor,FRC2,17,23,8,6,1.0,False,-6.237208807900389,106.82690797532604,18.770772040768108,True,
2026-07-24T03:30:57.492231+00:00,4383,-6.255330045001537,106.84307333999776,complex_corridor,FRC4,25,25,7,7,1.0,False,-6.255170245392188,106.84296367849294,21.509477825194235,True,
2026-07-24T03:30:57.754156+00:00,4421,-6.237577607899957,106.82686737105018,complex_corridor,FRC3,11,18,44,27,0.99,False,-6.237416698431964,106.82692406858013,18.95817050701808,True,
2026-07-24T03:30:58.018855+00:00,5234,-6.255677025000373,106.8431710999986,complex_corridor,FRC4,23,23,6,6,1.0,False,-6.25559934329838,106.84329627241084,16.310649749926508,True,
2026-07-24T03:30:58.286319+00:00,5259,-6.255508725000373,106.84360214999862,complex_corridor,FRC4,20,30,430,287,0.993083,False,-6.255457199448482,106.84295563186589,71.6908067558573,True,
2026-07-24T03:30:58.552068+00:00,5296,-6.242909649999996,106.84406470000002,complex_corridor,FRC2,19,34,74,41,1.0,False,-6.24287098327402,106.84404058541264,5.0587612651154314,True,
2026-07-24T03:45:47.758200+00:00,703,-6.235444892859697,106.75583232857385,complex_corridor,FRC2,28,28,6,6,1.0,False,-6.235637002833079,106.75573958241279,23.694334982762854,True,
2026-07-24T03:45:48.045027+00:00,821,-6.288795825000754,106.77763638750048,complex_corridor,FRC1,31,31,35,35,1.0,False,-6.288676397337788,106.77774978959411,18.260596237349766,True,
2026-07-24T03:45:48.334953+00:00,1336,-6.235382350000007,106.7560557,complex_corridor,FRC2,27,27,9,9,1.0,False,-6.235851643158244,106.75634307944131,61.09133400248038,True,
2026-07-24T03:45:48.621494+00:00,2187,-6.234661449999994,106.7555585,complex_corridor,FRC2,39,39,18,18,1.0,False,-6.235295044618109,106.75596622907466,83.63486690954973,True,
2026-07-24T03:45:48.910451+00:00,2188,-6.233655599999991,106.75488135,complex_corridor,FRC2,30,30,32,32,1.0,False,-6.233742064909034,106.75495503627582,12.600808704103487,True,
2026-07-24T03:45:49.193000+00:00,2298,-6.288583799999989,106.77784095,complex_corridor,FRC1,29,41,482,341,1.0,False,-6.288634823320289,106.77780477487897,6.94084144102375,True,
2026-07-24T03:45:49.477794+00:00,2322,-6.2884621,106.7781152,complex_corridor,FRC1,26,26,53,53,1.0,False,-6.288455113550981,106.77822722279888,12.405765015820144,True,
2026-07-24T03:45:49.760029+00:00,2459,-6.23996075,106.79819865,complex_corridor,FRC3,19,27,597,420,1.0,False,-6.239927209643448,106.79835988366938,18.208192291717626,True,
2026-07-24T03:45:50.048792+00:00,2660,-6.288887410002579,106.77817204999796,complex_corridor,FRC1,12,15,37,29,1.0,False,-6.289080056713849,106.77821112954479,21.852459789678804,True,
2026-07-24T03:45:50.344677+00:00,2731,-6.240104349999994,106.79819525,complex_corridor,FRC1,16,20,375,300,1.0,False,-6.254711568502923,106.79717434728451,1628.1638385691926,False,
2026-07-24T03:45:50.633082+00:00,2979,-6.239918790000258,106.79844824999957,complex_corridor,FRC2,9,15,4,2,1.0,False,-6.239928542802509,106.79846583092547,2.2254395550977346,True,
2026-07-24T03:45:50.915703+00:00,3134,-6.2892448600025785,106.77855074999796,complex_corridor,FRC1,16,21,16,12,1.0,False,-6.289262432333267,106.778499467014,5.995427904385316,True,
2026-07-24T03:45:51.198115+00:00,3164,-6.239840140000258,106.79869149999956,complex_corridor,FRC2,24,24,145,145,1.0,False,-6.23981997364873,106.79856239045006,14.446370748590217,True,
2026-07-24T03:45:51.480394+00:00,3940,-6.242815700000143,106.84290446666662,complex_corridor,FRC2,21,21,19,19,1.0,False,-6.242610768682978,106.84288187111798,22.923789898286447,True,
2026-07-24T03:45:51.763984+00:00,3995,-6.2428431,106.8426503,complex_corridor,FRC2,4,32,69,8,0.95,False,-6.24270333943449,106.84230519617961,41.19038604817657,True,
2026-07-24T03:45:52.052793+00:00,4135,-6.242451300001405,106.84346441666648,complex_corridor,FRC3,21,26,19,16,1.0,False,-6.24264159782794,106.84303341592732,52.128779444682614,True,
2026-07-24T03:45:52.334016+00:00,4174,-6.242622250001264,106.84418269999986,complex_corridor,FRC3,21,21,14,14,1.0,False,-6.242365385288672,106.84405667866673,31.777844988721665,True,
2026-07-24T03:45:52.615169+00:00,4307,-6.237238257899974,106.8272395210502,complex_corridor,FRC2,21,21,6,6,1.0,False,-6.237236971031365,106.82743234718856,21.314848279038795,True,
2026-07-24T03:45:52.899837+00:00,4312,-6.237042057899963,106.8269344210502,complex_corridor,FRC2,23,23,6,6,1.0,False,-6.237208807900389,106.82690797532604,18.770772040768108,True,
2026-07-24T03:45:53.192021+00:00,4383,-6.255330045001537,106.84307333999776,complex_corridor,FRC4,25,25,7,7,1.0,False,-6.255170245392188,106.84296367849294,21.509477825194235,True,
2026-07-24T03:45:53.477303+00:00,4421,-6.237577607899957,106.82686737105018,complex_corridor,FRC3,12,17,41,28,0.98,False,-6.237416698431964,106.82692406858013,18.95817050701808,True,
2026-07-24T03:45:53.759386+00:00,5234,-6.255677025000373,106.8431710999986,complex_corridor,FRC4,23,23,6,6,1.0,False,-6.25559934329838,106.84329627241084,16.310649749926508,True,
2026-07-24T03:45:54.048406+00:00,5259,-6.255508725000373,106.84360214999862,complex_corridor,FRC4,24,29,359,297,0.993325,False,-6.255457199448482,106.84295563186589,71.6908067558573,True,
2026-07-24T03:45:54.344522+00:00,5296,-6.242909649999996,106.84406470000002,complex_corridor,FRC2,19,34,74,41,1.0,False,-6.24287098327402,106.84404058541264,5.0587612651154314,True,
