from,to,distance
0,1,35.25
1,0,35.25
2,3,32.61
3,2,32.61
4,48,43.19
5,6,23.25
6,5,23.25
7,8,31.45
8,7,31.45
9,10,88.3
10,9,88.3
12,129,64.75
15,16,23.59
16,15,23.59
17,18,43.13
18,17,43.13
19,37,44.85
22,23,43.25
23,22,43.25
25,21,48.43
27,28,39.72
28,27,39.72
29,9,24.05
9,29,24.05
32,4233,37.28
33,34,69.87
34,33,69.87
35,36,25.71
36,35,25.71
38,26,127.93
26,38,127.93
1,39,25.94
39,1,25.94
40,30,19.43
41,42,41.15
42,41,41.15
44,45,25.81
45,44,25.81
46,19,157.34
47,13,29.23
13,47,29.23
48,15,67.97
49,71,99.05
3,43,32.17
43,3,32.17
50,51,99.27
51,88,92.79
26,29,23.09
29,26,23.09
52,53,72.79
53,52,72.79
54,55,26.7
55,54,26.7
56,85,80.41
37,82,42.14
57,58,55.62
58,57,55.62
59,60,59.39
60,59,59.39
61,52,45.56
52,61,45.56
62,63,19.59
63,62,19.59
65,77,41.73
6,66,31.17
66,6,31.17
67,68,27.48
68,67,27.48
10,69,77.69
69,10,77.69
70,24,35.99
24,70,35.99
71,49,99.62
72,73,51.49
73,72,51.49
74,75,36.35
75,74,36.35
39,76,128.18
76,39,128.18
77,55,153.76
58,78,26.76
78,58,26.76
68,4,180.24
14,59,24.82
59,14,24.82
79,74,97.99
74,79,97.99
80,81,109.14
81,80,109.14
82,37,42.44
71,131,26.5
83,41,45.15
41,83,45.15
75,11,48.23
11,75,48.23
13,20,28.03
20,13,28.03
34,70,93.71
70,34,93.71
42,84,41.26
84,42,41.26
28,72,75.6
72,28,75.6
84,80,74.39
80,84,74.39
19,25,37.96
85,89,89.23
86,0,15.26
0,86,15.26
23,31,21.98
31,23,21.98
16,4234,85.06
11,87,26.37
87,11,26.37
24,14,24.22
14,24,24.22
45,83,30.38
83,45,30.38
86,0,15.57
88,56,81.67
30,40,22.07
89,65,54.66
8,90,22.05
90,8,22.05
43,61,107.43
61,43,107.43
91,129,55.63
82,92,86.54
92,93,30.94
94,95,32.16
95,118,53.63
67,96,20.5
96,36,54.4
97,93,66.58
98,99,60.98
99,98,60.98
99,27,34.63
27,99,34.63
37,19,50.49
12,91,33.4
73,100,64.47
100,73,64.47
100,40,20.66
40,100,20.66
30,101,23.68
101,102,66.49
102,494,95.12
103,51,82.29
51,103,82.29
104,33,157.91
33,104,157.91
21,105,80.79
105,106,73.37
106,107,21.56
107,64,18.95
54,108,90.83
108,54,90.83
109,17,44.48
17,109,44.48
110,5,20.72
5,110,20.72
111,2,96.24
2,111,96.24
66,112,34.42
112,66,34.42
62,113,200.0
113,114,200.0
114,115,200.0
115,116,113.81
116,117,113.81
117,2127,49.83
118,32,129.24
87,119,37.83
119,87,37.83
119,94,70.72
94,119,70.72
93,92,30.65
92,82,86.51
64,120,15.19
120,4235,23.24
55,140,43.76
121,122,98.55
122,123,19.47
123,67,23.73
93,97,63.54
64,124,22.17
124,64,22.17
125,109,21.72
109,125,21.72
126,38,75.17
38,126,75.17
36,127,52.68
127,36,52.68
127,128,37.96
128,127,37.96
128,97,16.07
97,128,16.07
129,130,81.75
130,46,69.75
131,90,45.07
132,22,43.14
22,132,43.14
133,138,28.42
42,104,57.34
104,42,57.34
60,132,69.67
132,60,69.67
134,94,192.06
31,135,96.63
135,31,96.63
136,134,24.65
137,133,18.31
138,136,47.48
78,108,79.73
108,78,79.73
139,132,151.92
132,139,151.92
140,141,72.18
141,4236,23.54
90,71,71.39
49,110,74.5
110,49,74.5
124,142,17.22
142,124,17.22
142,125,18.95
125,142,18.95
143,144,188.0
144,383,188.0
145,1611,65.01
146,366,25.11
147,148,41.93
148,147,41.93
149,1129,32.41
151,152,72.94
152,151,72.94
153,4237,94.54
155,370,42.03
156,638,19.96
158,789,60.68
160,161,44.18
161,160,44.18
162,1464,85.67
164,1749,122.12
165,4238,33.95
166,4239,146.38
169,170,28.7
170,169,28.7
170,171,28.7
171,170,28.7
172,553,19.43
174,828,129.34
175,458,23.91
176,304,20.87
177,178,43.61
178,177,43.61
178,179,43.61
179,178,43.61
180,688,42.13
181,182,47.77
182,512,47.77
183,443,51.16
184,500,69.72
185,1997,20.14
186,1076,56.22
189,510,32.7
190,4240,53.14
191,192,199.71
192,191,199.71
193,1069,40.82
201,951,30.01
203,841,45.31
204,205,18.15
205,204,18.15
206,207,47.06
207,206,47.06
209,1048,16.45
210,211,200.0
211,212,154.76
212,994,154.77
215,497,42.1
217,1270,15.17
218,2355,17.98
219,220,34.85
220,219,34.85
221,222,34.85
222,1330,34.85
223,185,38.96
224,225,44.94
225,224,44.94
227,421,72.42
228,1620,48.29
230,975,22.57
232,1411,91.57
234,529,61.08
236,2157,43.93
237,869,38.88
199,637,53.71
238,360,71.11
239,240,60.74
240,239,60.74
241,242,35.14
242,936,35.14
244,245,25.84
245,964,25.84
246,488,22.16
248,597,36.79
213,249,25.44
249,687,25.45
250,251,30.98
251,332,30.98
252,2296,116.45
253,755,54.44
258,217,18.88
259,201,42.7
260,261,39.24
261,425,42.64
262,437,59.5
263,929,17.09
264,4241,200.0
265,322,137.23
266,824,29.91
267,532,44.9
268,1217,137.33
269,270,34.07
270,269,34.07
273,1155,51.16
247,314,30.89
274,226,92.1
277,155,16.64
278,377,22.32
279,711,118.87
280,1044,88.52
281,282,123.84
282,281,123.84
225,283,25.47
283,225,25.47
284,1125,128.4
285,760,30.96
247,314,31.58
286,477,44.23
288,4242,200.0
289,290,135.65
290,1485,135.66
291,310,33.4
292,717,190.66
293,294,17.61
294,293,17.61
297,1759,31.41
299,818,74.41
300,190,22.95
302,540,28.61
303,562,17.53
304,215,28.65
305,306,36.14
306,184,36.14
216,1083,34.61
189,906,89.0
308,897,22.12
309,1911,86.04
255,1126,21.44
311,467,26.42
312,157,39.75
313,314,47.71
314,313,47.71
315,670,64.11
234,154,60.64
317,318,27.71
318,460,27.95
319,320,17.76
320,319,17.76
321,2133,84.54
168,169,44.3
323,324,32.41
324,323,32.41
324,325,32.42
325,324,32.42
326,2325,23.28
327,328,46.06
328,327,46.06
329,330,16.69
330,329,16.69
331,2044,30.68
332,370,35.33
333,602,74.53
334,1971,32.72
335,336,32.59
336,195,32.59
337,718,138.19
338,1289,64.28
339,547,125.75
341,612,29.95
342,1704,34.64
343,344,216.53
344,343,216.53
345,439,58.59
346,1047,93.07
274,226,89.9
347,400,22.69
148,348,26.23
348,148,26.23
349,909,43.25
351,654,52.25
352,1039,16.82
353,813,47.77
354,712,23.89
355,150,33.34
356,1757,26.74
357,544,17.62
358,359,23.12
359,358,23.12
360,824,80.76
361,362,21.71
362,361,21.71
348,363,27.9
363,348,27.9
364,685,31.89
257,863,65.8
365,621,41.88
366,193,28.14
283,367,42.24
367,283,42.24
368,604,42.46
369,370,50.0
370,332,25.69
332,331,25.69
371,463,27.55
372,955,95.46
374,623,32.22
375,1839,89.01
376,774,85.5
377,950,18.15
378,275,29.25
380,853,19.33
381,685,24.96
382,596,99.32
383,2258,16.01
384,385,18.37
385,384,18.37
386,387,50.0
387,388,50.0
388,389,50.0
389,390,50.0
390,391,50.0
391,392,50.0
392,393,50.0
393,394,50.0
394,395,50.0
395,396,43.43
396,237,43.44
399,684,52.09
400,187,49.68
401,2165,16.4
402,403,32.15
403,692,32.15
404,636,33.57
405,2180,130.84
406,407,50.0
407,408,50.0
408,409,42.58
409,452,42.58
410,312,34.09
411,1232,32.82
412,1875,64.79
414,840,16.62
415,2251,125.58
416,417,37.27
417,416,37.27
418,667,19.48
420,399,57.82
421,351,25.93
216,788,16.63
422,431,86.58
423,767,74.32
424,2273,64.06
425,272,28.47
426,870,33.53
427,174,70.48
428,1057,51.32
429,159,23.51
430,720,72.39
250,2044,62.09
431,637,59.23
432,433,50.0
433,434,50.0
434,435,50.0
435,436,39.14
436,2106,39.14
437,551,43.66
414,232,51.94
439,907,19.17
441,165,37.33
442,616,18.58
443,1105,54.3
445,4243,17.96
379,1287,37.29
447,957,19.32
448,449,50.0
449,448,50.0
449,450,35.18
450,449,35.18
450,451,35.18
451,450,35.18
452,453,33.28
453,568,33.28
454,900,60.75
455,456,50.0
456,455,50.0
456,457,26.05
457,456,26.05
457,301,26.05
301,457,26.05
161,214,52.3
214,161,52.3
458,267,90.63
460,461,30.87
461,1134,30.82
462,296,29.61
463,371,18.65
464,350,74.01
465,1061,29.06
466,520,32.82
467,311,26.5
468,230,27.24
469,470,22.85
470,471,200.0
471,472,118.74
472,473,118.74
473,474,169.35
474,2232,169.37
276,2125,49.9
475,476,46.23
476,187,46.23
477,734,32.8
478,479,164.56
479,1725,164.56
480,158,52.07
481,150,17.51
150,481,17.51
482,2232,81.36
484,485,50.0
485,486,50.0
486,487,40.58
487,534,40.58
488,516,97.76
490,302,48.19
491,492,74.12
492,491,74.12
494,30,178.63
495,814,73.79
496,198,34.42
497,1760,84.37
168,455,15.26
498,959,30.07
499,528,17.79
500,4244,148.49
502,1029,64.0
503,846,156.07
504,1997,83.05
492,505,36.98
505,492,36.98
506,823,35.53
508,509,50.0
509,510,33.27
510,189,33.28
511,1973,32.16
512,513,50.0
513,514,40.67
514,1112,40.67
515,1106,79.16
516,1162,21.19
517,518,36.77
518,2543,36.77
519,537,159.99
382,536,69.51
523,524,17.19
524,523,17.19
525,357,48.18
526,577,86.63
527,483,52.43
528,2245,27.47
529,1885,120.78
530,652,97.59
532,564,254.14
196,550,34.6
533,1064,37.87
534,798,23.1
535,840,231.26
536,873,27.19
537,383,63.78
538,539,132.28
539,2060,132.28
230,231,62.33
540,758,61.91
542,543,38.79
543,542,38.79
544,1529,46.41
545,175,37.76
546,181,16.84
181,546,16.84
547,548,22.21
548,904,17.6
549,281,52.24
281,549,52.24
271,1125,129.23
551,437,43.33
552,1128,15.9
553,172,22.02
203,652,48.45
554,555,200.0
555,556,157.08
556,1351,157.1
557,558,38.0
558,625,38.0
559,560,29.47
560,838,29.47
561,1349,36.34
562,1417,185.22
419,206,37.18
206,419,37.18
563,1895,42.23
564,532,260.05
565,423,72.15
186,933,67.22
566,2152,39.9
568,949,20.88
569,570,32.57
570,569,32.57
570,571,32.57
571,570,32.57
572,2336,45.18
573,1193,91.39
574,806,71.51
323,4245,35.42
575,576,87.79
576,575,87.79
577,4246,76.1
578,579,32.29
579,578,32.29
579,580,32.29
580,579,32.29
581,793,125.95
272,2340,26.6
582,583,20.55
583,582,20.55
584,585,129.14
585,469,129.14
379,586,56.3
586,379,56.3
226,631,32.45
229,589,32.69
589,340,32.69
309,590,50.0
590,309,50.0
590,591,50.0
591,590,50.0
591,592,27.45
592,591,27.45
592,593,27.45
593,592,27.45
594,1550,47.57
248,2031,18.4
595,928,49.09
596,937,52.68
597,315,50.03
598,1937,29.8
599,600,50.0
600,601,50.0
601,196,31.24
196,633,28.66
602,603,37.92
603,333,37.92
604,180,48.82
605,334,23.85
226,271,44.04
455,168,15.33
608,1229,20.99
609,610,16.07
610,609,16.07
611,805,15.78
488,2216,40.65
613,638,28.65
615,400,55.04
616,260,25.43
617,826,20.95
618,619,28.91
619,618,28.91
619,542,24.92
542,619,24.92
620,952,23.91
622,418,33.86
623,432,43.07
624,147,30.25
147,624,30.25
559,544,101.38
626,1259,18.96
198,496,40.79
564,2042,322.44
628,629,30.48
629,628,30.48
629,630,38.92
630,629,38.92
276,1070,47.29
631,284,25.44
632,1666,46.99
633,196,17.41
634,635,42.53
635,634,42.53
637,431,58.82
638,156,22.62
350,1702,102.99
639,640,50.0
640,641,44.36
641,255,44.36
642,1414,38.71
325,643,36.01
643,325,36.01
431,422,86.06
201,714,19.7
162,2013,46.53
644,806,24.86
481,4247,20.75
645,469,195.09
646,2221,127.62
325,757,72.58
587,647,45.76
647,587,45.76
648,1441,102.86
633,550,45.05
649,582,78.64
650,651,28.15
651,1705,28.15
652,530,97.64
342,401,43.46
653,1512,19.12
654,1012,64.05
333,656,50.0
656,657,50.0
657,658,34.93
658,962,34.93
659,788,79.88
660,2176,64.14
287,167,15.59
661,595,187.05
365,711,48.91
662,663,20.12
663,662,20.12
367,664,32.1
664,367,32.1
665,350,22.52
659,981,83.35
666,1621,22.69
667,622,32.03
668,1062,31.25
670,1875,70.1
671,368,61.69
508,881,45.12
672,673,32.55
673,181,32.55
674,235,96.41
266,398,18.21
675,465,48.78
676,677,50.0
677,678,32.93
678,1723,32.93
680,951,64.31
681,239,22.54
256,244,30.37
683,491,48.96
491,683,48.96
684,527,149.15
685,364,31.53
542,4248,35.44
244,964,51.64
686,2159,133.14
687,940,43.28
688,1382,89.84
413,757,78.49
689,428,66.88
690,691,16.01
691,2083,22.64
692,402,65.71
694,695,192.49
695,1383,192.49
237,643,61.82
484,696,41.23
696,1071,41.23
697,516,45.74
516,697,45.74
298,698,19.6
698,298,19.6
489,699,67.28
699,489,67.28
700,424,99.06
221,303,175.01
701,702,50.0
702,701,50.0
702,703,33.66
703,702,33.66
703,704,33.66
704,703,33.66
705,706,50.0
706,705,50.0
706,707,42.68
707,706,42.68
707,618,42.68
618,707,42.68
708,875,27.89
709,895,31.41
710,1779,69.13
711,365,48.96
712,4249,29.13
483,467,91.01
713,1448,139.34
644,574,81.75
671,213,46.71
714,1043,22.33
716,815,38.53
686,716,32.24
621,365,41.27
717,320,73.53
636,924,47.34
315,2297,59.12
718,252,131.84
506,1001,20.02
650,531,36.59
377,343,87.01
343,377,87.01
256,244,20.11
720,1813,211.37
721,1524,128.57
722,1475,158.57
724,2256,127.17
520,440,56.08
726,1824,78.44
727,899,118.11
728,1356,64.45
729,730,50.0
730,731,50.0
731,732,39.55
732,1023,39.55
733,351,36.51
734,735,25.9
735,355,25.9
736,737,46.28
737,989,46.28
664,738,46.88
738,664,46.88
739,1263,24.92
740,4250,59.31
741,495,57.51
742,710,42.64
359,743,32.92
743,359,32.92
744,2282,40.1
745,746,50.0
746,747,50.0
747,748,25.01
748,1925,25.01
749,750,17.89
750,749,17.89
194,751,50.0
751,752,32.07
752,568,32.07
753,1088,17.88
754,337,110.57
755,934,50.58
522,382,71.06
757,953,32.95
758,1222,27.69
761,1172,63.46
762,763,98.63
763,762,98.63
764,2229,51.47
756,1618,29.87
766,1120,91.15
767,2024,50.31
768,769,35.9
769,768,35.9
771,185,22.21
692,772,50.0
772,773,50.0
773,774,50.0
774,775,39.63
775,376,39.63
631,271,16.59
776,4251,24.2
777,778,39.03
778,1118,39.03
167,287,16.53
780,454,23.11
152,749,21.13
749,152,21.13
588,228,31.98
351,808,65.35
781,1017,129.58
521,573,17.01
512,546,95.75
782,809,69.06
783,2216,15.03
784,299,64.97
785,786,30.54
786,785,30.54
786,787,30.54
787,786,30.54
788,4252,142.11
789,1827,22.87
790,791,58.08
791,790,58.08
793,975,53.74
794,795,50.0
795,794,50.0
796,797,187.71
797,1404,187.72
798,799,50.0
799,800,50.0
800,801,29.15
801,484,29.15
802,655,20.33
803,250,18.05
804,2182,76.74
805,426,51.51
806,798,15.37
807,766,17.67
808,253,65.28
726,1903,75.49
231,599,25.22
809,521,47.63
188,837,23.31
606,653,53.65
810,811,26.11
811,810,26.11
811,812,26.11
812,811,26.11
813,718,136.44
814,184,21.32
815,2159,63.96
597,670,57.08
816,402,26.52
817,300,37.15
818,819,37.2
819,299,37.2
820,821,29.22
821,833,29.22
262,1902,15.17
822,352,26.81
823,1107,60.74
368,960,50.48
787,825,34.28
825,787,34.28
826,617,17.25
827,499,71.42
828,398,18.32
363,587,51.83
587,363,51.83
829,371,94.0
699,792,139.85
792,699,139.85
830,831,200.0
831,832,111.95
832,854,111.95
834,676,92.86
750,683,70.6
683,750,70.6
836,999,79.55
837,872,18.49
838,598,39.31
402,626,20.03
839,627,31.73
627,839,31.73
840,414,16.09
198,736,139.06
841,203,45.29
842,843,22.05
843,842,22.05
844,624,36.43
624,844,36.43
200,845,38.92
845,317,38.93
846,777,49.71
847,298,36.76
848,849,200.0
849,850,109.07
850,2001,109.08
851,190,18.85
852,911,35.49
440,466,23.24
853,1002,16.51
854,1034,38.95
504,666,15.33
417,567,149.02
855,1620,33.72
187,347,26.58
295,780,26.9
856,820,29.36
857,614,46.07
371,858,43.47
858,1049,43.47
859,925,31.54
860,166,77.53
861,531,83.09
630,862,17.7
862,630,17.7
814,863,50.0
863,864,25.9
864,257,25.9
638,373,21.0
257,865,28.22
865,257,28.22
865,177,28.23
177,865,28.23
173,833,26.54
362,844,54.65
844,362,54.65
866,1116,43.03
867,868,44.21
868,867,44.21
869,325,26.73
870,2116,60.33
871,1354,63.1
872,188,22.04
873,874,30.54
874,1138,30.54
875,1140,125.23
876,354,39.37
877,1944,26.47
878,1172,28.16
807,766,17.56
879,1028,31.2
880,430,98.97
663,882,25.57
882,663,25.57
226,1552,126.01
883,1536,61.06
884,1675,43.4
885,1731,16.77
243,886,50.0
886,887,50.0
887,888,44.82
888,522,44.82
889,890,36.95
890,889,36.95
891,2251,54.52
588,892,44.13
892,588,44.13
893,1503,53.44
894,1018,205.28
833,173,26.69
895,1021,114.21
505,361,45.79
361,505,45.79
785,896,32.64
896,785,32.64
897,194,63.73
898,1827,31.64
899,1341,33.46
900,1041,16.81
901,915,50.33
902,903,25.13
903,902,25.13
905,639,48.38
687,415,31.53
906,376,20.48
908,1823,88.11
909,349,41.66
910,202,134.77
911,146,164.99
149,1675,49.4
912,913,35.23
913,223,35.23
915,636,84.04
156,613,30.62
916,581,42.36
917,1107,47.38
918,1244,31.78
900,919,30.21
919,454,30.21
920,921,155.46
921,1364,155.47
568,2037,47.9
922,399,67.06
924,901,75.0
345,1081,24.95
895,526,104.02
925,273,31.53
213,960,30.75
926,1502,131.01
163,700,108.78
928,221,46.09
655,552,52.99
929,1051,54.14
930,931,38.1
931,930,38.1
931,578,38.1
578,931,38.1
932,1620,25.08
933,1003,36.63
259,380,123.02
936,309,25.71
937,983,16.82
610,938,16.41
938,610,16.41
328,697,39.16
697,328,39.16
939,316,28.97
316,939,28.97
940,1465,77.89
941,942,47.99
942,941,47.99
399,420,59.47
943,333,78.62
944,273,87.8
945,946,28.56
946,945,28.56
946,768,28.56
768,946,28.56
940,687,46.05
947,224,32.26
224,947,32.26
949,897,29.49
950,561,37.43
275,378,29.32
951,1456,78.62
704,569,22.33
569,704,22.33
533,381,20.78
952,621,44.04
953,1752,42.96
954,568,34.79
840,1032,38.17
955,1935,61.69
272,2340,21.1
957,715,73.65
488,1760,16.37
958,966,30.9
959,256,72.17
961,1000,18.14
962,963,46.08
963,878,46.08
964,807,150.87
965,1079,83.62
647,549,54.56
549,647,54.56
966,713,59.91
184,814,17.81
882,323,21.28
323,882,21.28
398,754,111.75
186,1031,41.43
967,183,32.39
194,2195,209.73
349,1338,113.35
968,744,20.6
233,243,56.82
964,969,50.0
969,970,50.0
970,971,25.41
971,807,25.42
972,1410,90.47
270,973,50.0
973,270,50.0
973,974,30.42
974,973,30.42
974,580,30.42
580,974,30.42
975,1294,113.93
767,163,54.75
976,2258,57.23
412,977,36.33
977,248,36.33
978,611,20.99
980,1263,97.82
981,1907,19.48
982,961,23.24
952,620,25.21
669,1115,80.54
983,596,20.4
682,960,75.13
300,851,31.45
272,2298,31.07
636,620,57.7
984,985,197.31
985,860,197.32
986,263,125.12
622,667,33.2
987,209,28.11
988,1555,39.53
989,198,34.54
693,990,62.69
990,693,62.69
991,992,35.92
992,425,40.69
995,912,22.81
996,511,127.9
419,956,58.97
633,550,30.27
997,145,26.33
682,687,40.03
998,379,101.55
999,515,18.28
1000,1884,138.67
1001,917,28.77
1002,1056,36.62
1003,441,76.12
766,1004,45.67
1004,1120,45.67
1005,1169,97.38
1006,779,57.66
1007,708,71.81
1008,1009,35.57
1009,1615,35.57
948,1010,36.95
1010,948,36.95
1010,1011,36.95
1011,1010,36.95
1012,654,58.56
499,1595,28.99
771,1013,27.86
1013,1621,27.87
1014,1127,57.56
553,567,17.37
979,1015,126.68
1015,979,126.68
1016,1242,38.99
1017,958,106.03
202,329,32.7
329,202,32.7
1018,817,18.09
1019,805,81.64
1020,199,57.46
1021,339,20.56
994,1085,15.51
425,2298,18.9
1022,4247,28.97
216,981,57.18
1023,722,67.05
1024,1025,50.0
1025,1024,50.0
1025,1026,50.0
1026,1025,50.0
1026,1027,43.11
1027,1026,43.11
1027,941,43.11
941,1027,43.11
884,933,17.16
543,4248,38.23
1028,1063,15.29
1029,675,26.18
1030,4253,108.75
312,157,45.01
1031,835,67.91
593,705,20.54
705,593,20.54
1032,209,94.16
497,783,67.62
383,2248,174.19
637,199,57.34
806,534,16.06
483,1697,28.35
594,342,24.08
1034,1314,35.56
1023,1035,50.0
1035,1036,30.54
1036,1167,30.54
903,1037,51.34
1037,903,51.34
231,599,17.96
550,1038,30.48
1038,991,30.48
1039,802,24.47
305,1040,33.51
1040,305,33.51
1040,945,33.51
945,1040,33.51
682,940,61.73
1041,307,57.46
278,950,17.87
743,1042,36.1
1042,743,36.1
1042,662,36.1
662,1042,36.1
862,358,40.28
358,862,40.28
196,480,32.05
918,197,112.33
163,767,52.31
1043,259,31.69
1044,2321,20.68
1045,1046,37.09
1046,1045,37.09
1047,965,63.33
568,1761,188.36
1048,535,84.75
427,996,55.05
1049,1050,40.99
1050,2325,37.76
1051,1143,43.69
314,247,36.72
1052,1146,95.62
282,440,25.26
440,282,25.26
814,184,17.6
1053,1054,200.0
1054,1055,166.01
1055,1964,166.01
155,332,47.84
1056,1812,25.94
425,272,32.84
1058,1059,50.0
1059,1060,28.3
1060,378,28.31
1061,540,18.18
1062,668,30.78
488,783,37.14
1063,986,65.07
1064,341,15.77
1041,900,17.01
1065,1066,39.18
1066,1065,39.18
1067,1007,111.11
1007,875,111.12
758,1222,19.45
233,1226,83.0
1069,1020,38.53
1070,1523,69.08
1071,1072,36.92
1072,669,36.92
1073,1074,47.5
1074,861,47.5
385,173,27.42
173,385,27.42
580,1075,33.91
1075,580,33.91
1075,448,33.91
448,1075,33.91
680,201,28.33
965,346,152.85
1076,1666,34.85
1077,1078,193.98
1078,1272,193.98
828,824,20.72
1079,965,89.84
632,186,57.33
1080,1058,44.1
1058,1080,44.1
229,1117,34.95
1082,727,16.91
1083,1907,40.93
1084,1625,16.54
1085,671,110.74
621,952,43.25
1086,276,73.64
1011,1087,32.22
1087,1011,32.22
1087,520,32.22
520,1087,32.22
1088,1911,197.38
1089,1090,102.55
1090,1089,102.55
1081,622,22.5
451,1091,26.92
1091,451,26.92
1091,785,26.92
785,1091,26.92
381,533,20.99
1092,4254,72.17
784,369,21.38
693,1540,42.23
871,1030,63.63
157,312,35.71
312,410,35.72
340,1093,41.53
1093,340,41.53
1094,1095,33.26
1095,1688,33.26
1096,598,81.29
169,168,49.78
1097,418,193.96
1098,1099,36.06
1099,1098,36.06
546,834,64.14
614,857,53.58
1100,1218,62.42
1101,1102,50.0
1102,1103,50.0
1103,1104,42.68
1104,672,42.68
1105,164,19.61
612,341,29.93
1106,1255,23.38
1107,879,34.08
860,4255,32.2
1108,1109,17.72
1109,1108,17.72
1110,1937,70.93
620,404,24.11
1111,908,81.99
1112,512,131.07
954,308,52.88
1114,605,29.78
1106,776,64.54
1115,484,67.75
586,489,39.06
489,586,39.06
1116,1082,73.94
355,150,18.48
462,296,18.45
654,733,29.85
184,305,72.08
625,1117,44.59
1117,229,44.59
1118,1230,26.55
667,1081,29.22
1119,268,98.98
1120,1121,42.54
1121,644,42.54
1122,790,150.23
1123,1124,143.48
1124,501,143.48
622,439,45.31
793,231,29.65
1125,1824,58.95
1126,241,46.22
332,331,29.68
187,475,91.66
958,208,53.55
652,203,48.08
1127,1205,243.93
1128,233,76.99
944,859,32.82
1129,884,31.25
1130,781,81.79
1132,847,24.0
687,213,50.71
154,582,45.24
582,154,45.24
1133,501,104.32
1134,1135,50.1
1135,1136,50.0
1136,1137,36.88
1137,954,37.03
1138,506,203.85
378,1058,107.13
413,323,34.56
941,1139,31.86
1139,941,31.86
341,533,53.89
899,877,56.51
1141,163,53.63
186,1076,28.35
863,814,39.56
537,976,18.95
415,1465,20.94
1142,410,17.59
413,882,37.8
685,381,25.04
1143,176,84.85
1145,525,34.72
1146,1147,26.93
1147,927,73.85
364,1148,76.61
1148,551,17.54
1149,1150,113.87
1150,1630,113.88
1151,1152,25.54
1152,356,35.16
1153,1154,45.38
1154,411,45.39
1155,959,71.83
1156,1157,103.99
1157,1763,23.76
1158,1159,34.52
1159,1158,34.52
1159,416,33.5
416,1159,33.5
765,1160,88.05
1160,1161,134.99
1161,1086,108.47
1162,1163,32.84
1163,488,40.43
1164,1165,275.39
1165,1164,275.39
1165,1166,35.89
1166,1165,35.89
1167,1168,43.74
1168,296,38.62
1169,1170,31.88
1170,1171,40.09
1171,1663,40.1
1172,291,46.14
1173,1174,200.0
1174,1175,118.94
1175,473,118.94
473,1176,192.16
1176,1177,192.16
1177,1178,106.29
1178,1394,106.32
1179,4256,298.93
188,1706,29.8
1180,1181,40.67
1181,1182,22.2
1182,2145,68.76
1183,212,91.8
212,1184,30.81
1184,1185,35.62
1185,1186,41.59
1186,994,41.59
907,622,68.64
1187,1188,44.49
1188,1189,27.6
1189,1190,17.93
1190,236,56.86
316,1191,40.17
1191,316,40.17
1191,1192,29.24
1192,1191,29.24
1192,938,67.97
938,1192,67.97
1193,1194,19.4
1194,689,25.06
550,633,25.1
1195,1083,87.29
1196,1053,28.82
1197,1198,53.39
1198,2142,30.76
843,1199,18.26
1199,1200,39.12
1201,1202,37.99
1202,1300,54.39
1203,1204,30.24
1204,1670,32.41
1205,1119,155.72
162,1206,50.0
1206,1207,50.0
1207,1208,50.0
1208,1209,50.0
1209,1210,45.1
1210,195,45.1
1211,1212,25.94
293,1213,72.06
1213,1077,85.55
199,1214,101.35
1214,1215,45.32
1215,1216,18.5
1216,998,31.78
1217,4257,170.85
883,1218,22.41
1218,883,22.41
765,1219,179.99
1219,1540,17.54
1220,1221,47.39
1221,1333,22.84
1222,338,21.47
1016,1223,169.47
1223,1224,38.08
1224,588,39.27
1225,1226,59.63
1226,1225,59.63
1108,1227,99.09
1227,1228,27.9
1228,143,75.87
197,918,98.29
1230,1231,46.34
1231,2183,46.34
1232,1233,101.87
1233,1234,274.06
1234,3060,154.82
507,1235,38.99
1235,507,38.99
1235,997,33.06
997,1235,33.06
698,1236,34.39
1236,698,34.39
1236,313,27.43
313,1236,27.43
818,1237,44.24
1237,1758,29.6
1238,765,61.26
769,794,44.05
794,769,44.05
295,1240,17.36
1240,1241,39.61
1241,881,43.59
881,508,35.62
522,536,42.92
1242,274,87.88
1243,714,155.15
1244,1245,37.18
1245,1246,31.12
1246,2322,31.12
370,1247,21.06
1247,369,22.7
984,1248,252.22
1248,1249,252.22
1249,2394,67.99
1250,1251,48.75
1251,2187,39.88
1252,1253,187.93
1253,1108,187.93
301,1254,41.99
1254,301,41.99
1255,280,64.78
1256,1257,66.97
1257,1258,30.81
1258,1624,57.91
1259,816,22.53
1260,1261,43.77
1261,1262,42.29
1262,1659,49.03
1263,905,43.17
1264,371,54.24
1096,1265,19.06
1265,1145,15.55
1266,1267,77.55
1267,1268,69.05
1268,1269,135.08
1269,2959,135.09
1270,1271,31.28
1271,1272,31.28
1145,4258,48.91
369,784,21.91
1273,1274,200.0
1274,1275,200.0
1275,1276,200.0
1276,1277,116.69
1277,1278,116.69
1278,1279,200.0
1279,1280,135.33
1280,1281,135.33
1281,1282,200.0
1282,1283,200.0
1283,1284,200.0
1284,1285,174.38
1285,3460,174.01
189,1286,74.31
1286,607,44.24
1287,1288,98.4
1288,1052,35.07
1289,1290,51.64
1290,1130,29.97
1291,1292,32.05
1292,1293,35.07
1293,277,35.07
1294,2179,77.52
1295,1353,157.58
1173,1296,102.9
1296,1174,102.9
1174,1297,169.19
1297,1991,181.73
720,674,50.99
1065,1298,35.39
1298,301,35.4
596,1299,32.15
1299,1169,29.99
1300,1301,123.13
1301,4259,123.13
1302,1303,147.3
1303,1304,25.53
1304,1305,57.62
1305,264,20.88
1306,1307,38.28
1307,1306,38.28
1307,1308,22.17
1308,1307,22.17
1308,151,67.09
151,1308,67.09
1309,1310,46.08
1310,1311,93.13
1311,1575,159.65
1015,1312,34.78
1312,1015,34.78
1312,1313,28.31
1313,1312,28.31
1313,205,69.18
205,1313,69.18
1314,1315,29.13
1315,1316,29.13
1316,1317,35.34
1317,1096,18.07
1318,650,45.01
321,803,18.86
1131,1334,215.75
1250,1319,136.75
1319,1273,136.76
143,1320,200.0
1320,1321,153.48
1321,1322,153.48
1322,1323,200.0
1323,1324,173.71
1324,848,173.73
1325,988,29.02
531,1326,29.79
1326,1327,28.33
1327,1328,33.72
1328,1329,53.68
1329,1650,112.19
1330,1331,48.19
1331,406,48.19
956,1332,36.1
1332,419,36.1
1333,444,46.93
1242,274,98.93
1334,1604,35.76
1335,1336,40.11
1336,1187,18.25
189,1337,50.62
1337,4260,46.21
1338,1339,50.0
1339,1340,31.48
1340,349,31.48
1341,776,225.73
150,1342,43.27
1342,150,43.27
1342,1343,18.24
1343,1342,18.24
1343,889,20.79
889,1343,20.79
294,1344,102.14
1344,470,102.14
470,1345,165.06
1345,1177,165.06
1177,524,151.41
1346,1347,44.93
1347,1176,57.42
1176,1885,189.33
444,1706,38.84
534,982,37.21
523,1348,128.94
1348,154,176.51
154,1297,176.51
1297,1991,177.17
1349,1350,19.63
1350,894,25.71
1351,4261,118.36
1352,4262,200.0
1353,1295,160.32
1354,1355,52.77
1355,1454,89.92
1356,1357,35.53
1357,1358,21.85
1358,1359,26.08
1359,1555,23.5
223,771,29.89
264,1360,171.65
1360,1361,171.66
1361,1362,44.8
1362,1363,49.93
1363,322,22.71
567,417,162.63
1364,1365,75.72
1365,1366,151.96
1366,1367,122.72
1367,1368,113.0
1368,1369,113.0
1369,1370,189.0
1370,1371,189.0
1371,1916,173.21
1372,1300,187.69
1373,424,33.33
1374,1014,238.06
1375,1376,77.5
1376,4263,114.4
1377,1832,133.36
1378,1379,66.06
1379,1378,66.06
1380,1381,23.26
1381,1549,18.42
1382,880,129.45
1383,1384,45.45
1384,1385,60.43
1385,1593,100.09
296,967,16.31
1386,1387,107.21
1387,1388,107.22
1388,482,87.44
1167,1023,94.46
1389,4264,57.72
1122,1390,50.0
1390,1391,50.0
1391,4265,50.0
1053,1392,37.17
1392,1393,57.29
1393,2231,31.15
1394,1395,78.1
1395,830,62.64
1396,357,66.29
805,1397,20.46
1397,852,48.28
827,1398,28.69
1398,1399,28.69
1399,1400,39.81
1400,2411,39.82
1081,1401,82.85
1401,1402,58.38
1402,1767,37.7
1403,541,23.2
1404,1405,25.59
1405,1406,30.36
1406,1109,95.99
1407,1408,32.58
1408,1409,26.66
1409,1410,43.94
1410,1197,104.88
1411,1412,50.0
1412,1413,27.92
1413,1679,27.92
1414,372,34.41
614,1415,19.19
1415,1416,28.56
1416,1008,28.56
1417,725,119.43
983,1418,62.79
1418,382,41.56
188,463,17.01
1419,1420,34.53
1420,1421,27.27
1421,1335,48.43
1422,1423,50.0
1423,1424,42.18
1424,995,42.19
1005,1425,31.83
1425,937,22.34
567,553,30.12
1046,1427,16.89
1427,1046,16.89
1427,1098,24.57
1098,1427,24.57
1428,4266,207.84
739,1429,47.63
1429,4267,48.18
1430,1431,50.0
1431,1432,48.75
1432,246,48.75
214,736,29.98
627,1433,23.23
1433,627,23.23
1433,1378,15.21
1378,1433,15.21
1434,1722,317.39
830,831,200.0
831,1435,200.0
1435,1436,110.56
1436,1437,110.56
1437,1438,89.95
1438,1439,200.0
1439,1440,155.44
1440,1266,155.45
1113,2313,55.9
1441,1068,66.05
400,1442,50.0
1442,1443,50.0
1443,1444,44.92
1444,934,44.92
1099,1445,33.37
1445,1099,33.37
1445,1446,29.33
1446,1445,29.33
1446,1447,18.67
1447,1446,18.67
1447,1158,16.19
1158,1447,16.19
1448,782,65.32
1449,1450,16.2
1450,1451,69.32
1451,1452,75.23
1452,1453,45.17
1453,211,66.79
211,1183,51.81
1454,1455,122.67
1455,871,77.83
1456,1457,500.0
1457,1458,500.0
1458,1459,500.0
1459,1460,500.0
1460,512,500.0
512,1461,444.7
1461,1462,444.71
1462,175,24.9
551,1148,17.82
1148,1463,33.57
1463,364,31.19
1464,2085,26.09
1465,891,39.98
1466,1467,25.71
1467,617,38.31
1468,1737,38.4
1469,1470,29.86
1470,157,18.5
1471,1472,33.97
1472,1473,200.0
1473,4268,111.22
1239,1474,79.85
1474,1239,79.85
1475,1476,105.94
1476,511,18.34
857,1079,186.44
1477,1478,113.3
1478,1479,113.3
1479,1480,116.0
1480,1067,31.37
510,509,36.56
509,508,46.89
759,200,53.31
1481,1482,26.21
1482,557,26.21
1483,1484,101.91
1484,1081,101.91
418,2014,195.01
1081,418,78.22
1485,1782,111.56
1486,1487,148.42
1487,1773,120.52
1205,1488,138.35
1488,1489,28.98
1489,459,43.09
1490,1491,125.48
1491,1492,122.44
1492,554,84.9
826,1493,74.85
1493,760,24.76
257,1144,64.52
1494,1495,42.34
1495,1496,28.4
1496,1318,28.4
446,315,86.01
891,1497,92.56
1497,1498,19.6
1498,1499,23.81
1499,1500,31.25
1500,1501,23.76
1501,1084,35.03
1502,523,45.55
1503,1504,45.83
1504,149,83.41
660,1505,167.02
1505,1506,200.0
1506,1507,121.16
1507,1508,121.16
1508,1593,75.49
679,1509,121.92
1509,893,45.29
612,1510,28.46
1510,1511,50.14
1511,573,49.64
535,602,51.76
1512,1513,86.89
1513,1211,69.41
537,1514,119.8
1514,292,15.18
1077,1515,94.05
1515,1516,200.0
1516,1517,200.0
1517,1518,200.0
1518,1519,200.0
1519,1520,187.05
1520,1521,187.05
1521,1252,123.63
820,634,130.49
914,1522,71.73
1522,4269,156.55
1523,1161,53.79
1161,723,24.03
1524,1525,26.23
1525,1526,37.98
1526,564,152.73
1527,1528,45.15
1528,559,33.04
1529,1530,31.32
1530,1531,105.34
1531,1532,50.0
1532,1533,31.37
1533,1954,31.37
307,1041,51.06
635,1534,38.02
1534,635,38.02
1534,160,46.89
160,1534,46.89
571,1535,19.72
1535,571,19.72
1535,269,45.06
269,1535,45.06
1536,885,31.78
196,789,133.72
789,1537,50.57
1537,1538,101.48
1538,2155,101.09
783,1539,27.56
1539,944,40.02
1540,1219,18.22
1219,765,179.73
272,1541,92.61
1541,2138,58.14
669,1542,50.0
1542,1543,34.47
1543,1544,34.48
1544,1264,36.17
1545,1546,32.65
1546,275,24.44
718,1547,82.4
1547,1548,28.58
1462,205,157.44
1549,4270,50.02
195,909,30.3
1550,342,46.33
397,4271,32.44
429,770,196.43
770,1551,120.25
1551,764,129.14
779,1744,71.18
344,553,203.55
553,344,203.55
1552,1553,34.4
1553,956,25.13
711,4272,50.59
898,1554,83.9
1554,1538,47.67
1538,2155,96.57
1555,1556,28.41
1556,2104,62.79
1557,1558,35.53
1558,1557,35.53
1558,219,24.18
219,1558,24.18
541,1403,21.46
1337,1559,26.59
1559,189,26.59
866,1560,39.11
1560,866,39.11
1560,543,32.3
543,1560,32.3
833,820,49.57
1550,1561,15.56
1561,1550,15.56
478,1562,175.79
1562,1563,101.35
1563,1564,101.35
1564,1565,50.0
1565,1566,50.0
1566,1567,50.0
1567,1568,44.82
1568,412,44.83
634,1569,81.18
1569,856,19.73
1483,345,190.17
990,1570,30.08
1570,990,30.08
1570,1557,17.73
1557,1570,17.73
1079,1571,38.62
1571,1572,18.08
1572,1573,50.0
1573,1574,39.92
1574,857,39.93
1575,1576,200.0
1576,1577,200.0
1577,1578,200.0
1578,1579,135.29
1579,1580,135.29
1580,1581,35.7
1581,1582,103.93
1582,1583,103.93
1583,2520,61.89
1584,1585,25.75
1585,1586,46.75
1586,1587,42.75
1587,1588,43.4
1588,1589,22.93
1589,1590,19.14
1590,1591,25.61
1591,1078,43.79
1078,1592,38.11
1592,258,38.11
1593,1594,49.07
1594,1584,24.94
1595,2164,125.21
812,1596,26.0
1596,812,26.0
1596,839,26.0
839,1596,26.0
1125,1903,107.93
315,1597,113.53
1597,2229,85.75
1598,1599,145.34
1599,871,52.74
935,1600,29.91
220,1601,36.58
1601,220,36.58
1601,947,21.26
947,1601,21.26
909,195,30.79
1602,1380,120.9
1380,1603,20.28
1603,1801,46.86
1604,1100,30.54
1605,1606,77.46
1606,976,117.71
1607,1608,134.35
1608,1609,43.78
1609,1610,35.17
1610,1611,24.53
1611,997,71.11
1338,1612,15.48
1612,1338,15.48
1612,1613,50.0
1613,1612,50.0
1613,1614,38.53
1614,1613,38.53
1614,1024,38.53
1024,1614,38.53
1615,1616,34.86
1616,1925,34.86
1090,507,19.6
507,1090,19.6
1256,1617,137.54
1617,470,73.25
470,234,174.45
901,841,24.6
1618,1619,26.3
1619,1092,26.3
1092,4273,42.86
1620,932,29.86
1621,650,16.39
1622,1623,24.86
1623,216,20.63
1624,1743,55.01
1625,1626,40.74
1626,1627,81.01
1627,1628,49.13
1628,2032,48.04
1629,1630,135.31
1630,984,146.2
1477,1007,498.33
301,1631,49.85
1631,1065,21.28
1367,1632,50.0
1632,1633,50.0
1633,1634,50.0
1634,1635,37.43
1635,1369,37.43
1369,1636,50.0
1636,1637,50.0
1637,1638,50.0
1638,1639,50.0
1639,1640,50.0
1640,1641,50.0
1641,1642,36.56
1642,413,36.56
935,1643,50.0
1643,1644,26.45
1644,1645,26.45
1645,1646,29.63
1646,444,29.63
373,1647,146.16
1647,667,48.16
1066,1648,37.35
1648,1066,37.35
1648,384,37.78
384,1648,37.78
1649,1329,116.26
1329,1650,116.26
1650,1651,127.27
1651,1527,91.89
539,538,127.61
157,1470,22.76
1470,1469,29.92
1652,1045,32.51
1045,1652,32.51
1471,1653,136.28
1653,1654,136.28
1654,186,195.04
186,1655,195.04
1655,1656,200.0
1656,1657,200.0
1657,1658,142.35
1658,875,142.36
1659,1660,35.16
1660,1661,49.13
1661,272,49.13
1662,626,51.67
626,1662,51.67
1068,1113,21.48
1663,4274,93.69
643,1664,31.66
1664,643,31.66
1664,1665,43.56
1665,1664,43.56
1665,810,43.63
810,1665,43.63
1666,1667,159.04
1667,1668,109.3
1668,1669,164.17
1669,1947,111.0
763,1622,20.6
1622,763,20.6
1670,1154,38.98
584,1256,64.58
1272,1671,15.72
1671,1672,50.0
1672,1673,50.0
1673,1674,49.95
1674,682,49.95
1675,4275,31.82
1676,1677,115.1
1677,1656,45.43
1656,1678,83.98
1678,1479,30.92
1479,1067,151.89
1679,1600,42.81
1600,935,42.81
311,1680,31.9
1680,464,66.92
835,632,23.37
216,1622,50.39
1681,1682,49.89
1682,1434,39.04
356,1683,128.19
1683,1684,128.19
1684,1386,40.71
1685,1686,33.06
1686,1687,33.06
1687,194,43.61
1688,1131,53.15
299,1689,32.46
1689,784,32.47
923,1690,60.47
1690,1691,44.2
1691,1692,16.75
1692,898,44.24
202,1693,49.37
1693,1607,18.88
1694,2030,29.45
354,1695,23.28
1695,354,23.28
1695,1306,22.61
1306,1695,22.61
1696,816,37.06
1697,1698,101.83
1698,922,58.6
1699,1700,28.84
1700,2045,44.19
296,1701,23.86
1701,1062,36.98
1702,1703,43.09
1703,311,33.53
1704,2204,20.66
1705,771,16.14
736,214,31.24
371,1094,46.93
1706,1707,30.21
1707,1708,50.0
1708,1709,41.52
1709,669,41.52
159,1710,38.37
1710,1711,38.37
1711,1712,45.84
1712,770,45.84
1379,1713,17.37
1713,1379,17.37
511,1714,52.91
1714,1715,54.66
1715,1475,15.23
1475,729,54.12
210,1716,92.91
1716,1717,200.0
1717,1718,200.0
1718,249,200.0
249,1719,200.0
1719,1720,187.69
1720,1721,187.69
1721,1964,182.24
1722,1383,88.62
1723,1724,49.01
1724,745,49.01
1725,1726,82.12
1726,1727,200.0
1727,1728,177.04
1728,1322,177.04
1322,1729,200.0
1729,1730,176.31
1730,1404,176.33
1731,1604,17.96
444,1643,100.1
1643,935,51.35
521,1732,41.05
1732,1511,18.26
1511,1510,49.75
1510,612,28.57
1733,659,57.26
454,780,29.14
780,295,29.14
1734,1735,23.11
1735,1736,41.44
1736,1545,41.44
1737,1738,26.45
1738,1739,41.47
1739,1740,41.47
1740,1741,34.47
1741,2303,34.47
371,837,17.39
1742,315,17.09
1743,1722,36.84
1744,1745,43.03
1745,2041,57.17
376,1746,50.0
1746,1747,31.18
1747,189,31.18
459,1748,32.57
1748,1458,56.68
1749,704,46.36
704,1749,46.36
230,231,51.3
231,1750,49.92
1750,1751,50.0
1751,196,46.16
196,550,46.01
1752,1753,19.1
1753,1754,137.94
1754,1755,152.89
1755,1368,110.88
1368,1490,110.88
397,4276,54.97
475,1113,130.85
1756,2208,63.06
742,1742,52.2
1611,910,183.95
1757,660,50.23
1758,1237,33.04
1237,818,35.86
1166,1652,33.58
1652,1166,33.58
1759,371,182.86
371,444,81.37
444,935,154.41
1760,445,129.2
1761,221,230.77
1552,1762,24.81
1762,631,90.04
1758,307,54.9
1763,1764,47.88
1764,1419,38.07
1620,1765,49.63
1765,588,49.59
719,1766,15.4
1766,494,99.13
1767,1768,28.97
1768,2214,18.26
1769,1205,67.23
524,1394,57.81
1770,832,50.0
832,1771,50.0
1771,1772,25.82
1772,854,25.82
1773,1774,108.35
1774,679,123.75
1775,1776,39.02
1776,1777,113.89
1777,1778,111.82
1778,1250,25.91
1779,1785,32.4
875,1780,108.49
1780,4277,108.49
1781,1782,164.21
1782,1783,193.19
1783,1784,193.19
1784,920,34.02
157,1470,27.16
1470,1469,30.11
760,285,20.0
1785,1786,131.79
1786,796,64.26
1787,648,59.42
253,227,29.56
1788,1005,89.26
1512,1211,156.21
645,294,20.34
565,1789,32.1
1789,1790,43.6
1790,2178,42.94
1791,1792,25.82
1792,1793,26.82
1793,1794,29.72
1794,1795,87.87
1795,1796,20.38
1796,1797,43.74
1797,1798,50.84
1798,1799,32.98
1799,1800,59.27
1800,1449,53.73
878,1172,35.67
1172,310,35.68
1801,1802,45.04
1802,1803,19.16
1804,1805,31.56
1805,1430,18.31
288,4278,200.0
1806,1992,64.95
1807,1364,112.74
758,1808,274.73
1808,468,21.67
1809,1810,83.78
1810,726,34.98
298,1811,70.73
1062,1701,37.49
1701,296,34.78
326,1759,37.76
1759,1210,500.0
1210,1812,339.68
1812,1456,339.69
1813,1814,44.92
1814,1382,44.92
322,1815,25.5
1815,1376,25.5
1376,1816,39.8
1816,1817,39.8
1817,1818,50.0
1818,1819,50.0
1819,1820,50.0
1820,1821,36.81
1821,1291,36.81
861,1705,40.69
1823,693,178.83
1824,1825,28.31
1825,923,101.2
498,1826,84.11
1826,256,15.79
235,720,148.64
1827,1828,111.0
1828,1829,36.04
1829,1809,33.6
966,1830,47.73
1830,230,365.25
1831,991,33.11
991,1038,35.77
1038,550,34.09
550,633,34.09
401,594,18.0
1832,1304,113.41
1304,1303,24.94
1303,4279,200.0
1833,1834,103.0
1834,386,103.01
1264,188,36.32
607,1286,46.26
1286,1835,35.77
1835,189,35.77
869,4245,63.0
790,761,27.48
1836,1837,90.2
1837,1838,40.63
1838,1151,147.22
1839,1840,46.45
1840,1841,66.77
1841,690,66.6
1333,872,32.33
1842,1843,100.03
1843,1133,18.26
1844,1845,37.93
1845,1846,53.86
1846,1694,22.72
1759,829,95.56
885,1428,34.28
373,156,15.4
1688,1220,17.49
1220,1688,17.49
796,1847,63.29
1847,1848,104.31
1848,1849,53.35
1849,1850,42.13
1850,1851,35.18
1851,1852,51.87
1852,1791,18.12
848,1853,200.0
1853,1854,200.0
1854,1855,111.19
1855,1856,111.19
1856,1857,104.28
1857,1858,181.58
1858,1375,181.58
1375,1376,84.82
1376,4280,200.0
1859,1832,147.85
1860,1861,17.68
1861,1862,24.26
1862,1863,24.79
1864,1865,29.22
1863,1864,18.14
1865,2136,30.54
493,753,188.96
1866,1867,40.93
1867,1868,94.58
1868,2001,24.96
942,1869,17.02
1869,942,17.02
1869,1870,72.37
1870,1869,72.37
1870,574,31.63
574,1870,31.63
1309,1871,36.35
1871,1872,59.71
1872,2217,17.66
1085,1873,50.0
1873,671,50.0
671,1518,40.23
1518,415,40.25
1874,968,30.35
1875,1876,42.48
1876,1877,38.87
1877,1878,43.14
1878,1879,159.9
1879,1866,159.9
1410,1880,62.26
1880,1408,18.31
1408,1881,20.83
1881,1882,24.77
1882,2301,30.66
200,1883,26.95
1883,759,26.95
1884,447,154.72
1885,1886,18.14
1886,1887,96.98
1887,1888,26.45
1888,1889,23.28
1889,1890,36.87
1890,1891,70.42
1891,1892,31.18
1892,1893,61.05
1893,1894,109.45
1894,1770,110.32
1895,1896,50.94
1896,1897,31.24
1897,1898,42.36
1898,916,22.36
1008,614,79.28
275,1546,24.68
1546,1899,50.0
1899,1736,30.5
1736,1735,30.5
1735,1734,30.25
1812,162,84.25
934,1900,66.91
1900,253,41.54
760,1901,46.88
1901,826,46.88
1902,285,37.78
1903,1904,74.87
1905,1906,83.9
1906,999,44.6
1907,1156,18.59
1773,1908,200.0
1908,1909,139.16
1909,1655,139.16
1655,186,197.83
186,1654,197.83
1654,1910,146.89
1910,1669,146.89
1669,1947,108.33
1911,1912,38.05
1912,4281,38.05
1705,1414,83.95
602,535,55.31
1913,1914,30.36
1914,1913,30.36
1914,1144,29.94
1144,1914,29.94
386,390,200.0
390,1915,152.93
1915,1916,152.93
1916,1371,168.6
1371,1917,192.17
1917,1369,192.17
1369,1368,110.81
1368,1490,110.82
824,1918,26.56
1918,1919,34.96
1919,1229,112.14
881,1240,71.1
1240,295,29.98
418,1920,62.62
1920,2014,130.91
554,1921,200.0
1921,1922,200.0
1922,1923,118.11
1923,1485,118.12
805,1924,104.96
1924,972,104.96
1925,746,101.1
746,1926,75.86
1926,1101,94.3
494,1766,94.13
1766,719,15.31
1113,1068,19.03
1068,1441,78.75
1441,2161,58.94
230,1828,237.34
1828,1809,64.57
872,444,15.26
1744,1927,64.13
1927,1681,25.92
1056,1928,111.91
1928,680,56.51
1660,1661,50.0
1661,1660,50.0
1661,1929,26.31
1929,1661,26.31
1929,272,26.31
272,1929,26.31
272,425,39.5
425,272,39.5
425,1930,39.5
1930,425,39.5
1930,991,50.0
991,1930,50.0
991,1038,26.45
1038,991,26.45
1038,550,29.07
550,1038,29.07
528,1931,24.44
1931,4282,55.83
1932,1969,42.47
1033,1933,23.07
1933,594,109.78
1232,1934,38.6
1934,3535,38.6
1935,1936,31.89
1936,3544,34.47
1937,1938,38.17
1938,1939,41.39
1939,2070,15.27
666,1179,34.95
617,1467,49.95
1467,4283,46.32
1940,1941,49.18
1941,1942,21.88
1942,1943,100.61
1943,2286,96.7
517,518,38.51
1426,851,27.38
851,1426,27.38
1944,1945,98.56
1945,1116,25.11
719,1811,71.16
1811,1132,26.93
916,1946,164.61
1946,231,32.31
1947,4284,59.95
322,1376,46.28
1376,1817,80.52
1817,1858,185.7
1858,1948,185.7
1948,1949,95.86
1949,1950,200.0
1950,479,166.17
479,1725,166.18
1111,1951,16.87
1951,1952,15.26
1952,2111,41.66
285,1902,26.45
1902,262,26.46
725,1953,27.35
1953,904,39.67
1334,1100,47.52
446,1742,90.28
1954,1955,50.0
1955,1956,37.44
1956,1957,37.45
1957,1073,35.88
195,1958,50.0
1958,2317,17.98
1959,1960,25.66
1960,2306,25.66
1925,1961,44.35
1961,1615,28.93
1615,1008,68.44
837,1094,35.06
1962,1963,69.32
1963,1211,25.57
1211,1212,27.35
1964,645,48.2
956,1553,25.75
1553,1552,36.21
1469,1470,29.98
1470,157,18.18
715,822,154.88
1965,1966,51.34
1966,1965,51.34
1109,1967,177.06
1967,1968,177.06
1968,210,47.78
1969,1970,45.98
1970,827,45.98
1971,1972,40.96
1972,238,67.63
1973,427,117.41
1974,867,106.08
867,1974,106.08
1649,1975,200.0
1975,1976,171.84
1976,1977,171.84
1977,1978,89.4
1978,1979,200.0
1979,1980,200.0
1980,1981,121.11
1981,926,121.12
437,262,47.13
694,695,200.0
695,1982,174.58
1982,1983,174.58
1983,1984,36.72
1984,1985,121.68
1985,779,121.69
935,1643,50.0
1643,1645,50.0
1645,1646,27.14
1646,444,27.14
444,188,41.09
188,371,41.09
371,858,50.0
858,1049,47.0
1049,326,47.0
307,1986,15.78
1986,1758,34.37
1987,993,134.22
1621,1179,24.91
1971,1988,41.71
1988,4285,32.23
1989,526,114.14
526,1990,35.25
1990,709,45.28
1991,293,27.49
920,4286,191.79
1992,1806,70.68
1993,1351,156.1
1536,1428,48.04
1994,1995,24.4
1995,756,20.36
444,188,15.4
1996,1836,71.86
1318,531,63.25
1997,1998,38.57
1998,1999,111.36
1999,2959,111.37
205,2000,24.11
2000,374,51.59
231,789,36.57
1057,442,46.7
273,498,79.1
2001,2002,36.38
2002,321,184.63
319,1605,201.63
1681,2003,155.35
2003,2004,44.51
2004,2005,196.56
2005,482,196.57
2006,1483,88.1
2007,2006,15.4
1663,2008,16.68
2008,1969,22.11
197,2009,15.51
2009,609,30.85
501,2010,63.61
2010,2011,17.12
2011,1699,137.15
1056,2012,145.03
2012,1456,171.18
2013,1056,49.7
2014,2015,25.41
2015,2284,64.16
340,2016,33.94
2016,229,21.72
934,615,135.1
374,2017,15.71
2017,1112,500.0
1112,1723,500.0
1723,2018,500.0
2018,4287,500.0
2019,2020,445.51
2020,853,445.51
853,1002,17.45
1743,2021,165.85
2021,1006,172.12
1502,2022,131.49
2022,1386,131.49
204,2023,86.24
2023,545,59.85
2024,2025,42.22
2025,565,42.21
1117,2026,32.13
2026,625,22.09
923,1828,43.06
1828,2027,302.59
2027,1830,303.0
1830,958,59.18
667,1647,42.66
207,668,31.35
668,207,31.35
723,2028,78.0
2028,1238,51.22
1469,2029,30.85
2029,1787,22.67
2030,4288,21.29
2031,1987,81.99
2032,2033,40.68
2033,2034,93.12
2034,2035,19.45
2035,1844,41.17
841,901,24.51
693,2225,24.31
2036,405,84.56
2037,2038,25.73
2038,2039,108.25
2039,2040,18.33
725,1417,119.53
904,725,67.87
2041,721,83.92
738,902,29.84
902,738,29.84
835,665,93.4
287,2047,29.92
2042,721,23.44
576,979,47.86
979,576,47.86
2043,1123,29.77
239,681,20.2
1112,724,85.75
2044,2133,21.9
1548,2120,63.09
2045,287,30.15
2046,1822,191.2
2047,2048,131.01
2048,538,131.01
1116,866,43.96
538,2048,132.4
2048,4289,132.41
724,2049,42.16
2049,1112,42.16
350,835,111.98
2050,2051,28.03
2051,2050,28.03
2051,2052,200.0
2052,2051,200.0
2052,2053,164.14
2053,2052,164.14
2053,2054,164.15
2054,2053,164.15
649,154,56.6
1037,575,85.88
575,1037,85.88
2056,2055,21.34
2055,375,45.8
2057,2058,22.37
2058,2059,24.01
2059,218,48.27
2054,337,26.33
2060,2061,106.04
2061,2062,106.05
2062,914,31.97
2063,2064,24.03
2064,2065,39.14
2065,2066,48.48
2066,907,22.2
340,2067,43.79
2067,2068,42.84
2068,153,46.48
2047,4289,38.6
2069,2565,65.12
2070,2071,200.0
2071,2072,148.89
2072,926,148.9
2073,2074,21.16
2074,2075,37.37
2075,2076,38.11
2076,2077,15.49
2077,2078,42.19
2078,2079,22.61
2079,2080,43.46
2080,2081,17.15
2081,2082,58.45
2082,519,72.73
252,2054,24.54
2083,2091,126.47
231,196,134.96
2084,2085,228.48
2085,162,116.39
501,2086,76.95
2086,1842,145.13
721,1745,122.78
1745,1744,52.05
1842,2087,31.55
2087,4290,31.55
2088,2089,49.06
2089,429,49.06
235,646,70.31
532,2090,66.46
2090,175,88.84
175,1462,23.58
2091,2092,74.27
2092,2056,53.03
438,2093,143.39
2093,2094,29.76
2094,2069,29.68
2095,2096,25.11
1120,2097,50.0
2097,2098,29.72
2098,534,29.72
907,2099,46.49
2099,2100,46.49
2100,2064,21.18
2064,2063,28.05
993,2101,121.54
2101,2102,15.04
2102,2103,28.22
2103,1842,72.34
2104,2105,111.42
2105,2055,71.1
2106,2107,29.92
2107,2108,50.0
2108,2109,25.86
2109,724,25.86
1659,1660,33.0
1660,2138,44.97
1822,2110,112.82
2110,1097,92.28
2111,1789,94.16
1789,565,36.55
1529,2112,172.84
2112,2113,55.2
2113,2114,67.21
2114,1266,142.38
1123,2045,35.91
2115,716,113.7
1822,2349,29.37
2116,2117,167.58
2117,353,84.89
2118,2119,108.96
2119,438,108.96
2120,2121,91.61
2121,2122,29.2
2122,2123,117.47
2123,978,117.47
1054,2276,179.32
2124,584,73.41
2125,2126,144.11
2126,646,26.21
646,235,69.13
2127,2128,119.38
2128,2129,119.38
2129,2130,27.39
2130,2131,81.49
2131,2132,141.99
2132,694,141.99
2133,2134,77.59
2134,2135,43.8
2135,478,83.67
2136,2137,62.03
2137,836,56.7
2138,2139,49.22
2139,2140,73.1
2140,2141,46.68
2141,4291,103.62
2142,1019,30.37
1417,661,95.77
2055,2244,50.94
154,529,70.96
2143,2144,70.71
2144,420,56.32
2145,2146,79.56
2146,2147,31.29
2147,2148,22.79
2148,2149,129.4
2149,2150,15.74
2150,3754,85.52
1097,418,191.65
418,1081,75.52
1081,1484,101.26
1484,1767,101.28
1787,2151,16.95
2151,1787,16.95
764,2338,20.41
2152,653,36.75
2153,216,115.25
1604,885,20.76
2154,2338,48.06
1966,1225,96.14
1225,1966,96.14
761,4292,45.97
2155,2057,31.48
2156,2351,19.24
2157,2158,15.89
2158,803,125.74
1458,2206,49.92
2159,2153,22.7
2151,1469,52.76
2160,1940,26.22
2161,2151,123.44
895,1021,119.94
608,174,55.53
1229,608,20.46
1229,2162,29.23
2162,2163,54.44
2163,2050,43.02
608,996,32.23
2164,2165,55.46
2165,2166,62.85
2166,1033,46.67
2164,401,40.96
2167,2168,46.42
2168,932,46.42
2169,2167,40.63
932,2170,16.55
2170,2171,33.24
2171,2167,33.24
1713,2172,43.66
2172,1713,43.66
2172,1080,36.16
1080,2172,36.16
792,2173,21.33
2173,792,21.33
2173,842,58.62
842,2173,58.62
2174,770,31.56
770,1987,33.15
2031,2174,41.15
2174,742,16.45
2175,649,127.36
186,884,30.62
2176,2175,55.81
1129,186,17.14
1742,1323,24.21
1323,2174,26.28
925,273,28.25
1454,2177,169.5
2177,1373,37.07
1155,498,42.8
2178,1111,112.31
2179,490,84.68
606,2152,34.94
2180,1111,57.38
2181,1731,92.72
2182,1874,38.38
2183,2184,50.0
2184,2185,50.0
2185,2186,47.9
2186,254,47.9
2187,2188,51.93
2188,2341,141.88
1099,2189,46.62
2189,1099,46.62
892,701,32.16
701,892,32.16
1650,2190,24.03
2190,2191,48.91
2191,1651,50.0
1651,2192,43.2
2192,1527,43.2
424,2193,52.25
2193,1141,93.44
609,197,46.6
625,2194,20.75
2194,1142,134.26
1218,2200,168.8
2195,2196,72.64
2196,2197,106.32
2197,2198,27.35
2198,883,28.13
153,2199,31.2
2199,2068,31.2
2068,2067,40.88
2067,340,40.89
1540,693,22.93
2200,2201,50.0
2201,2202,50.0
2202,2203,32.18
2203,1685,32.18
2204,2205,29.63
2205,517,20.6
2206,2207,44.83
2207,346,81.44
2208,2209,50.0
2209,2210,50.0
2210,2211,44.04
2211,2212,44.04
2212,2213,44.23
2213,1122,46.42
2214,2095,26.3
2215,804,48.96
804,2215,48.96
2216,1539,17.9
1539,859,56.82
2217,2218,61.93
2218,2219,134.84
2219,2220,26.21
2220,2160,32.96
2221,276,102.66
588,2222,175.64
2222,1242,101.45
1647,2223,35.76
2223,2224,64.89
2224,373,51.69
2225,2036,37.58
2127,2226,44.97
2226,2227,116.26
2227,2228,131.28
2228,2132,184.45
2132,1173,184.46
2229,2230,48.72
2230,2333,29.08
2231,1054,60.32
2232,2233,200.0
2233,2234,134.77
2234,2235,134.77
2235,2236,53.61
2236,2237,80.69
2237,2238,31.76
2238,2226,82.16
2226,2239,37.63
2239,2240,200.0
2240,2241,200.0
2241,2242,200.0
2242,2243,141.29
2243,63,141.29
2244,728,45.64
2245,2246,54.99
2246,2247,38.46
2247,2164,30.11
2248,2252,50.6
548,904,18.54
2249,2250,35.85
2250,2249,35.85
2250,948,35.85
948,2250,35.85
2252,1779,72.75
580,2253,33.94
2253,580,33.94
2253,2249,33.94
2249,2253,33.94
2252,446,19.6
2254,2255,140.54
2255,1252,140.54
2256,1461,101.56
2257,204,44.49
1468,1604,25.12
2251,1497,26.9
1497,1626,191.58
1626,2254,44.92
2258,2259,61.81
2259,2260,42.09
2260,2248,24.42
254,2261,26.39
2261,2262,70.42
2262,1604,233.34
1021,548,173.34
1731,2263,50.0
2263,2264,30.28
2264,2265,30.28
2265,2266,50.0
2266,2267,30.98
2267,2268,30.98
2268,2269,36.0
2269,2270,34.95
2270,493,34.95
2248,2271,18.36
2271,446,45.72
517,518,51.82
518,2272,333.65
2272,2615,94.26
1604,1737,29.14
606,4293,200.55
2251,1497,27.23
1497,1626,191.42
1626,2254,44.77
2273,1454,164.04
1731,2264,81.79
2264,2265,28.9
2265,2268,113.41
2262,2274,63.11
2274,2275,22.75
2275,1468,109.32
467,483,84.07
2276,2124,49.43
1382,2277,24.78
2277,2278,28.17
2278,688,28.18
2279,1448,20.62
781,2279,37.67
2280,628,18.03
2281,628,92.0
628,2281,92.0
2280,628,23.15
2282,2280,86.63
296,1167,75.14
1802,1380,127.73
296,825,73.88
825,462,44.22
2283,1775,62.41
2284,1822,131.79
1033,2285,35.11
2285,1033,66.42
2286,2287,85.9
2287,2118,19.06
960,1196,121.91
688,2288,50.0
2288,604,29.95
2289,541,17.14
541,2289,29.86
2290,679,293.89
420,2291,78.45
2291,2143,39.33
2143,2289,54.65
2289,2143,52.75
2292,607,27.07
607,2292,18.06
496,2292,27.7
2292,496,36.99
1600,2293,125.88
2293,1411,24.41
1411,2294,15.48
2294,2295,36.73
2295,414,91.48
2296,266,95.98
770,742,35.45
2153,1195,46.62
2298,1831,36.62
2299,739,20.46
2297,2300,19.33
770,710,53.39
2300,2154,55.25
2153,216,119.0
216,788,34.71
788,4252,143.35
803,4294,63.08
277,4294,117.4
2301,2302,28.67
2302,2007,31.33
2303,2304,50.0
2304,2305,27.71
2305,1220,27.71
2306,2307,33.43
2307,4295,33.43
2070,2308,19.03
2308,1996,135.17
2050,2309,75.44
2309,2310,90.8
2310,563,90.86
2311,2050,79.71
2311,2312,58.36
2312,608,145.12
2050,2309,79.68
2313,2314,35.09
2314,475,23.77
330,939,33.67
939,330,33.67
1561,2315,20.65
2315,1561,20.65
2316,2317,42.9
2317,2318,39.73
2318,195,40.45
1226,243,53.45
2319,2320,31.69
2320,940,148.47
2321,899,82.03
2319,918,206.3
2322,2319,69.86
940,2323,111.29
2323,2319,71.55
195,2324,103.74
2324,162,188.44
2325,2326,33.64
2326,2327,33.64
2327,2328,33.48
2328,2329,33.48
2329,2156,38.17
1461,2330,37.87
2330,2331,75.97
2331,2257,119.6
2333,2332,20.53
2332,2334,16.94
2334,2115,73.74
2332,686,177.28
208,2335,28.37
2335,572,36.67
208,958,56.62
2336,2337,79.99
2337,208,19.87
2338,2332,140.7
2339,319,50.82
2340,1860,34.88
2341,2342,31.33
2342,1180,38.17
1212,2343,50.43
2343,2344,29.41
2344,1788,21.45
2317,2345,36.13
2345,1959,26.64
791,2346,65.76
2346,791,65.76
168,1734,81.23
759,930,53.23
930,759,53.23
2164,2347,37.45
2347,1704,37.45
1734,2348,43.22
2348,168,43.22
2349,2350,61.97
2350,4296,71.58
2351,2352,40.34
2352,2353,32.24
2353,2354,32.24
2354,2316,29.34
2355,2311,188.95
1144,2356,31.89
2356,257,31.89
1434,2357,23.34
2357,1346,32.83
179,2358,50.81
2358,179,50.81
2359,2484,16.36
2361,2393,145.82
2362,2662,86.83
2363,2558,17.3
2364,2384,15.59
2363,2558,20.12
2367,2449,16.31
2368,2659,59.86
2369,2370,32.15
2370,2379,26.41
2371,2368,46.54
2373,2442,18.83
2375,2373,28.88
2376,2518,19.11
2377,2366,63.54
2378,2453,119.99
2380,2423,32.84
2381,2469,52.57
2382,2375,49.54
2383,4297,48.99
2361,2477,16.92
2385,2452,27.93
2385,2549,57.94
2386,2406,40.35
2388,4298,57.63
2364,4299,23.46
2372,2635,46.44
2391,2376,51.61
2392,2437,18.61
2393,2558,194.86
2394,4300,133.87
2395,2404,112.94
2396,2469,18.56
2397,2400,28.48
2366,2416,40.83
2398,2415,53.83
2399,2429,40.81
2400,2417,95.31
2401,2449,64.93
2402,2363,215.03
2363,2558,32.6
2404,2457,47.84
2405,2582,95.85
2407,2387,158.34
2408,2436,17.82
2367,4301,65.07
2374,2386,56.82
2410,2552,36.49
2411,2534,33.94
2412,2443,87.34
2413,2365,98.59
2414,2602,42.5
2415,2458,49.72
2360,2440,18.36
2416,2377,21.23
2417,2414,90.45
2418,2408,156.62
2419,2513,16.64
2371,2662,37.8
2421,2422,129.84
2422,2441,129.85
2423,2424,50.0
2424,2425,43.26
2425,2445,43.26
2426,2432,25.85
2427,2359,109.75
2381,2405,18.57
2428,2366,31.47
2429,566,106.16
2430,2392,17.02
2431,2645,20.37
2432,166,84.56
2433,2453,86.0
2387,2454,149.55
2396,2405,52.52
2435,2362,23.7
2436,2426,92.05
2437,2445,205.86
2438,2398,16.08
2440,2529,24.09
2441,2402,66.28
2442,2375,42.28
2365,2409,106.61
2443,2503,19.6
2444,2403,24.35
2366,4302,48.75
2445,2485,134.8
2403,2372,24.05
2446,2513,21.83
2447,2415,63.08
2377,4303,88.72
2448,2366,30.42
2439,2374,77.35
2449,2382,19.62
2450,2364,79.01
2444,2372,26.59
2451,2515,87.71
2375,2367,56.81
2452,2549,21.27
2453,2500,38.55
2397,2417,134.72
2455,2456,35.11
2456,2455,35.11
2413,4304,18.02
2389,2429,49.83
2457,2388,35.41
2386,2645,154.42
2458,2459,85.12
2459,2460,110.06
2460,2461,106.36
2461,2380,26.1
2462,2463,500.0
2463,2464,500.0
2464,2465,500.0
2465,2466,500.0
2466,2467,459.66
2467,2468,459.66
2468,4151,91.94
2469,2470,161.9
2470,2389,36.66
2471,2640,31.81
2472,2473,24.23
2473,2540,24.71
2445,2474,48.06
2474,2475,48.06
2475,2476,47.49
2476,2444,47.49
2477,2586,148.45
2478,2390,18.75
2479,2480,29.48
2480,2481,20.79
2481,2430,18.28
2482,2605,113.68
2394,2483,361.56
2483,2438,63.51
2485,2486,44.24
2486,2413,20.31
2487,2488,18.85
2488,2410,16.21
2471,2489,76.9
2489,2490,219.98
2490,2441,55.77
2491,2492,27.72
2390,2493,22.28
2493,2494,33.9
2494,2471,19.1
2495,2396,85.26
2419,2446,21.65
2452,606,177.38
2412,2482,169.31
2496,2497,64.37
2497,2385,45.54
2315,2446,91.43
2446,2315,91.43
2398,2359,20.3
2359,2401,95.62
2498,2642,24.06
2369,2499,96.48
2499,2434,45.06
2500,2501,96.51
2501,2502,43.07
2502,4305,119.33
2503,2504,50.06
2504,2505,46.93
2505,2506,35.44
2506,2507,39.76
2507,2508,28.26
2508,2385,24.94
2392,2403,17.0
2509,2361,84.59
2510,2569,66.08
2454,2511,25.13
2511,2418,79.26
2512,2418,20.57
2421,2420,170.71
2513,2514,33.2
2514,2612,40.72
2515,2498,340.06
2498,2642,22.38
2484,2438,20.71
2516,2517,377.64
2517,2386,61.56
2518,2519,31.02
2519,2550,20.77
2520,2521,104.94
2521,2582,104.94
2409,2427,102.49
2512,2511,75.46
2511,2407,33.13
2520,2522,200.0
2522,2523,177.71
2523,2524,177.71
2524,2525,148.7
2525,2524,149.18
2524,2526,200.0
2526,2527,200.0
2527,2528,129.68
2528,2592,129.68
2529,2530,28.77
2530,2531,37.18
2531,2391,34.31
2477,2532,55.43
2532,4306,200.0
2533,4307,146.94
2535,2536,37.22
2536,2412,22.02
2537,2538,74.17
2538,2539,45.84
2539,1471,71.16
2540,2487,80.01
2427,2458,19.04
518,2541,50.0
2541,2542,46.58
2542,2534,46.58
2543,2544,24.16
2544,2545,32.01
2545,2546,32.01
2546,2411,18.72
2547,2548,100.0
2548,2451,222.9
2549,1962,81.7
2406,2623,34.91
2550,2551,31.31
2551,1994,46.14
2552,2360,63.34
2442,2553,306.03
2553,2442,306.03
2553,2387,306.03
2387,2553,306.03
2554,2555,30.49
2555,2547,91.27
2386,2517,54.14
2517,2516,379.01
2556,2482,56.44
2557,2556,177.65
2558,2557,34.66
2557,2574,20.14
2559,2556,37.52
2558,2557,32.32
2557,2574,18.82
2385,2452,28.32
2452,2560,25.2
2560,2561,25.21
2561,2562,41.35
2562,2563,41.35
2563,2564,25.5
2564,2534,25.5
2565,2566,72.71
2566,2567,30.9
2567,2568,122.85
2568,2381,39.48
2569,2570,24.18
2570,2571,80.49
2571,2572,71.16
2572,2573,75.23
2573,2393,32.33
2574,2559,101.4
2484,2575,81.75
2575,2576,105.02
2576,2577,55.0
2577,2578,247.81
2578,4308,255.66
2559,2443,163.4
2579,2510,69.88
2402,2580,121.83
2580,2586,121.84
2581,2648,24.65
2582,2509,98.78
2583,2584,152.49
2584,2585,39.3
2585,3972,252.69
2379,2583,349.35
2586,4309,142.32
2587,2588,55.25
2588,2620,19.77
2455,2589,23.99
2589,2455,23.99
2590,2591,271.94
2591,2554,271.93
2456,2434,20.7
2434,2456,25.17
2592,2593,166.62
2593,2594,36.39
2594,2595,200.0
2595,2596,200.0
2596,2597,114.35
2597,1273,114.35
2598,2512,88.03
2379,2589,161.82
2599,2622,29.94
2600,2601,53.86
2601,2599,49.12
2602,2603,33.62
2603,2604,44.22
2604,2478,65.66
2605,2606,47.08
2606,2581,75.22
2607,2608,40.22
2608,4310,55.45
2547,4311,36.6
2589,2609,27.38
2609,2610,76.6
2610,4312,170.5
2503,2611,60.41
2611,4313,25.15
2612,1756,82.59
2534,2613,23.49
2613,2614,35.6
2614,2535,43.91
2615,606,48.52
2385,2616,124.88
2616,2615,19.17
2615,606,25.7
2615,606,41.37
2617,2421,126.84
2618,2651,27.92
2619,2393,185.08
2393,2363,185.08
2620,2397,42.79
2569,2621,78.71
2621,2420,63.09
2622,2371,100.09
2623,2431,34.57
2434,2499,46.01
2499,2379,74.32
2420,2624,148.95
2624,2625,148.95
2625,2528,71.56
2528,2592,122.54
2420,2626,62.04
2626,2624,81.81
2624,2627,50.46
2627,2628,22.15
2628,2647,126.24
2629,2630,69.25
2630,2631,59.68
2631,2632,70.71
2632,2283,30.38
2633,2634,22.93
2634,2472,31.87
2635,2633,26.7
2434,2636,50.0
2636,2637,50.0
2637,2638,47.22
2638,4193,47.22
2639,4206,54.79
2640,2641,110.18
2641,2579,30.85
2642,2643,40.07
2643,2644,33.41
2644,4314,52.44
2645,2463,53.14
2463,2646,22.52
2646,2618,20.82
2647,2629,49.03
2648,2649,22.49
2649,2650,65.69
2650,2419,102.16
2651,2652,80.72
2652,2491,45.14
2653,2654,47.28
2654,2655,125.76
2655,2651,28.67
2655,2656,15.0
2618,2656,29.32
2656,2657,52.24
2657,2439,59.06
2492,2658,38.74
2658,2435,55.99
2659,2660,16.71
2660,2653,67.65
2661,2639,133.45
2662,2661,81.02
2663,2706,15.62
2666,2793,116.5
2668,2759,40.74
2669,2677,327.84
2671,2773,46.34
2672,2756,47.8
2673,2832,64.0
2674,2721,64.43
2675,2676,88.39
2676,2675,88.39
2677,2787,37.85
2678,4315,84.38
2679,2775,21.83
2680,2698,44.57
2681,2702,87.63
2682,2705,62.66
2683,2684,18.59
2684,2683,18.59
2685,2740,47.24
2686,2687,82.71
2687,2686,82.71
2688,2751,53.43
2689,2690,52.53
2690,2689,52.53
2691,2741,33.3
2694,2732,67.15
2676,2695,20.5
2695,2676,20.5
2696,2697,28.62
2697,2696,28.62
2698,2688,92.71
2699,2700,42.08
2700,2699,42.08
2701,2710,121.96
2702,2748,50.09
2703,2704,31.72
2704,2703,31.72
2705,2685,48.97
2706,2663,17.76
2687,2707,40.96
2707,2687,40.96
2708,2709,31.56
2709,2708,31.56
2710,2821,39.26
2712,2693,16.24
2713,2806,45.35
2714,2798,106.06
2684,2715,171.82
2715,2684,171.82
2709,111,42.35
111,2709,42.35
2664,2696,34.41
2696,2664,34.41
2690,2716,86.28
2716,2690,86.28
2718,2770,49.11
2719,2720,30.52
2720,2719,30.52
2665,2770,425.45
2721,2722,36.18
2722,4316,45.46
2723,2680,34.21
2720,2675,60.97
2675,2720,60.97
2724,2740,66.68
2725,2758,18.73
2726,2679,37.03
2670,2663,26.2
2663,2670,26.2
2711,2669,136.53
2727,2747,39.59
2682,2671,36.42
2728,2718,86.41
2729,2711,114.45
2730,2731,40.6
2731,2730,40.6
2732,2759,33.23
2733,2665,119.71
2686,2734,32.25
2734,2742,30.37
2735,2736,24.34
2736,2735,24.34
2665,2737,110.87
2737,2728,170.12
2715,2738,16.9
2738,2715,16.9
2700,2703,49.89
2703,2700,49.89
2716,2739,53.17
2739,2716,53.17
2740,2753,18.84
2704,2708,53.65
2708,2704,53.65
2741,2712,101.3
2742,2743,50.0
2743,2744,29.36
2744,2749,29.36
2738,2670,84.18
2670,2738,84.18
2745,2777,17.43
2667,2746,30.86
2746,2667,30.86
2732,2668,39.99
2731,2699,37.84
2699,2731,37.84
2747,2672,89.88
2748,4317,75.03
2749,4318,47.26
2750,2754,136.84
2717,2719,26.95
2719,2717,26.95
2751,2818,57.2
2752,2692,70.11
2753,2822,46.93
2754,2755,24.83
2755,2733,46.02
2756,2757,61.52
2758,2674,35.57
2759,2760,38.33
2760,2686,36.45
2761,2694,158.41
2677,2724,53.24
2746,2762,20.73
2762,2746,20.73
2762,2717,60.11
2717,2762,60.11
2726,2679,42.35
2679,2763,493.75
2763,2713,33.3
2764,2765,123.06
2765,2990,49.35
2758,4319,188.83
2723,2766,105.62
2766,2767,358.05
2767,2666,166.58
2768,2769,23.56
2769,2768,23.56
2769,2667,28.7
2667,2769,28.7
2770,2771,41.41
2771,2772,58.21
2772,2681,103.55
2773,2787,43.55
2668,2774,51.2
2774,2668,51.2
2775,2776,189.11
2773,2724,42.41
2776,2826,131.52
2777,2778,189.07
2778,2789,61.88
2779,2683,63.25
2683,2779,63.25
2736,2780,50.2
2780,2736,50.2
2780,2781,30.17
2781,2780,30.17
2782,2783,42.23
2783,2784,31.29
2784,2785,40.89
2785,2807,72.56
2707,2786,36.25
2786,2707,36.25
2787,2782,22.24
2788,2782,40.82
2789,2790,136.97
2790,2791,32.17
2791,2792,54.99
2792,2693,326.88
2793,2727,86.03
2695,2794,16.56
2794,2695,16.56
2794,2735,31.05
2735,2794,31.05
2795,2796,70.82
2796,2729,77.91
2781,2664,79.01
2664,2781,79.01
2798,2799,252.17
2799,2725,60.69
2800,2801,60.92
2801,2802,64.29
2802,4320,152.8
2803,2779,109.46
2779,2803,109.46
2804,2805,273.22
2805,2678,270.82
2806,2797,17.2
2713,2809,21.52
2807,2808,75.35
2808,2673,33.55
2809,2810,48.27
2810,2811,15.61
2811,2812,76.67
2812,2745,432.81
2813,2814,35.91
2814,2806,58.12
2815,2709,52.47
2709,2815,52.47
2678,2816,105.1
2816,2671,143.85
2817,2768,71.89
2768,2817,71.89
2818,2819,18.64
2819,2809,246.34
2692,2723,60.56
2820,2701,39.59
2821,2795,352.07
2821,4321,273.02
2822,2823,113.76
2823,2800,153.94
2824,2813,103.11
2818,2824,83.47
2825,2828,106.46
2826,2825,58.24
2693,2827,36.16
2827,2764,43.53
2828,2829,35.68
2829,2666,71.03
2830,2803,24.82
2803,2830,24.82
2774,2831,27.35
2831,2774,27.35
2831,2830,45.01
2830,2831,45.01
2832,2833,32.48
2833,2714,164.0
2834,3412,58.23
2835,2951,29.0
2836,3297,23.28
2837,2845,80.56
2838,2992,62.42
2839,3200,18.26
2840,4160,62.22
2841,3320,190.09
2842,3018,107.23
2843,2871,42.36
2844,3448,121.99
2845,2853,38.65
2847,3001,15.99
2848,2889,39.27
2849,2842,107.66
2850,2851,45.98
2851,2850,45.98
2852,2853,65.46
2853,2852,65.46
2854,4322,43.23
2856,3036,31.9
2857,3354,153.82
2858,3400,28.94
2859,2910,118.75
2838,2888,94.53
2851,2852,24.33
2852,2851,24.33
2860,3144,40.89
2861,2850,26.08
2850,2861,26.08
2862,4117,57.89
2863,3853,20.48
2864,2865,107.91
2865,2903,133.26
2868,3607,44.94
2869,2944,18.02
2870,3011,27.91
2871,2921,28.01
2872,3222,37.99
2873,3079,19.29
2874,3010,66.14
2875,2876,27.24
2876,2875,27.24
2878,2879,27.92
2879,2964,27.93
2880,2953,17.43
2881,2882,57.06
2882,2881,57.06
2883,2884,25.18
2884,2872,25.18
2885,3048,56.01
2886,2887,16.19
2887,2886,16.19
2855,2890,48.39
2890,2855,48.39
2891,2867,24.35
2892,3880,48.45
2893,2933,39.45
2894,2895,128.71
2895,2873,128.72
2896,2881,52.94
2881,2896,52.94
2897,3239,46.35
2898,2906,40.34
2899,3595,22.04
2900,4323,51.75
2901,2902,43.72
2902,3092,43.73
2903,3021,56.78
2905,4324,46.13
2906,2898,39.66
2907,2894,33.45
2908,2909,120.1
2909,2918,120.1
2910,2995,27.75
2911,3215,141.6
2893,2889,46.49
2913,2914,170.39
2914,3058,170.39
2915,3129,37.28
2916,2947,34.98
2917,3412,43.54
2918,3144,74.87
2919,2920,105.67
2920,3737,105.67
2921,2841,41.75
2922,2960,124.07
2923,2924,27.31
2924,3792,27.31
2922,3036,22.73
2925,3008,21.75
2928,2929,379.68
2929,2928,379.68
2930,2836,34.31
2931,3766,24.51
2932,3658,120.96
2934,2971,141.18
2935,2967,50.03
2905,3291,91.74
2936,3022,105.3
2937,2938,39.21
2938,3071,36.84
2939,3060,83.88
2940,2836,73.85
2910,2859,119.43
2940,2996,35.34
2941,3140,41.4
2942,3602,55.14
2943,2921,268.24
2945,2975,68.32
2946,3741,46.99
2947,3052,44.13
2948,2965,23.74
2949,3014,171.75
2950,3803,75.3
2951,2835,28.09
2953,3369,40.61
2954,4325,161.54
2955,2847,49.29
2956,2957,20.28
2957,2956,20.28
2958,2959,17.18
2959,2958,17.18
2961,2885,16.2
2868,3132,35.03
2964,2878,39.33
2966,2883,32.94
2967,3769,28.7
2969,3403,41.75
2970,3445,39.03
2971,2991,22.48
2972,2973,128.67
2973,3065,128.67
2974,3228,137.57
2975,2946,97.28
2976,2977,26.89
2977,3798,26.89
2978,3346,63.42
2979,2934,37.47
2980,3558,97.48
2903,3369,49.44
2982,2981,57.19
2984,3009,72.35
2985,2989,32.88
2986,2866,42.78
2987,3083,33.66
2988,2927,49.08
2927,2988,49.08
2951,2867,23.59
2904,3047,51.98
2989,3467,21.09
2990,2997,64.61
2991,3169,17.59
2853,3726,37.26
2992,4326,46.85
2993,3603,33.78
2960,3039,46.64
2995,2910,27.03
2996,3291,19.02
2997,2979,80.06
2869,3337,103.51
2999,2665,342.68
3000,3004,24.76
3001,2955,34.04
2842,2849,106.29
2986,2866,33.95
3002,2861,42.82
2861,3002,42.82
3003,3190,26.21
3004,3191,16.06
3005,2988,50.42
2988,3005,50.42
3006,3066,57.05
3007,3563,132.55
3008,2993,23.0
3009,3464,99.21
3010,4327,21.53
3011,3624,27.03
2862,3708,35.6
3012,2839,64.19
2968,2856,69.89
2962,3790,22.56
2949,2889,26.17
3015,3607,36.37
3016,3552,49.27
2959,3017,111.65
3017,3006,111.65
2860,2937,79.14
3018,2842,107.62
3019,3020,186.95
3020,3305,186.95
3021,2880,40.55
3022,2943,141.78
2999,2750,15.88
3023,3652,51.04
3024,3655,65.47
3025,2857,20.46
2972,2961,34.07
3026,2880,45.51
2965,3253,124.38
3027,3844,124.47
3028,3844,32.24
3029,3168,62.65
3030,3176,74.87
3032,3608,19.01
3033,3472,73.3
2882,2859,79.63
2859,2882,79.63
3034,3035,28.17
3035,3243,28.18
3036,2856,31.92
3015,3132,40.75
3021,2983,34.6
3037,2874,52.15
3038,2873,41.16
2857,3477,19.87
3039,3040,38.64
3040,2922,38.64
3041,3042,213.38
3042,3041,213.38
3043,2957,23.04
2957,3043,23.04
2860,3071,134.79
3045,3334,43.23
3046,2866,33.15
3047,2942,51.53
3048,3065,144.8
2944,2869,17.47
3049,2904,42.08
2985,3467,25.91
2898,3064,38.07
3050,3769,22.13
2867,2951,22.94
3051,2933,45.03
3052,3306,41.71
3053,3569,29.71
3054,3805,74.91
3056,3264,84.2
3057,3384,33.34
2926,3046,95.72
3058,2907,30.49
3059,3158,17.43
3060,3390,39.69
2900,3389,33.47
3061,2834,55.54
2840,3333,30.19
2834,2917,35.67
3062,2896,90.96
2896,3062,90.96
2952,3063,50.0
3063,3064,34.32
3064,2898,34.33
3066,3689,95.08
2929,3005,26.88
3005,2929,26.88
3067,3062,31.64
3062,3067,31.64
3068,3716,97.57
3069,3070,26.94
3070,3069,26.94
2949,3292,26.13
3071,3059,80.05
3075,3512,37.99
3076,3280,65.28
2905,2930,61.71
3036,2922,22.48
2856,3077,34.92
3077,2968,34.92
3078,3055,21.4
3079,2972,50.19
3052,3011,37.6
3080,3599,34.85
3081,2931,107.92
3082,2961,33.95
3083,2999,167.48
2943,3084,53.91
3084,2843,135.18
2867,2891,24.94
2918,3896,36.66
2949,3014,181.71
3085,3086,191.03
3086,3087,200.0
3087,3088,141.52
3088,3399,141.53
3089,3774,96.27
3090,3091,34.13
3091,3219,34.13
3092,3093,50.0
3093,3094,41.29
3094,3626,41.29
3044,3095,16.52
3095,3096,26.13
3096,3555,26.13
3097,3815,30.72
3098,3055,28.68
3026,2983,104.64
3099,3100,23.57
3100,3099,23.57
3100,3101,27.68
3101,3100,27.68
2957,3102,40.63
3102,2957,40.63
3103,3104,93.12
3104,3103,93.12
3104,3105,25.0
3105,3104,25.0
3106,3107,22.09
3107,3108,18.52
3108,2941,38.24
2954,3109,35.54
3109,3016,36.91
3110,3111,90.86
3111,3049,34.19
3112,3113,44.72
3113,2877,18.52
3114,3115,200.0
3115,3116,200.0
3116,3117,136.07
3117,3118,136.08
3118,3119,153.94
3119,3120,153.94
3120,3121,178.92
3121,3085,187.92
3013,3122,50.65
3122,3123,34.03
3123,3124,34.16
3125,3126,26.96
3126,3127,33.3
3127,3128,18.88
3129,3130,39.15
3130,3720,39.15
3131,3013,39.72
3132,2985,17.14
2926,3803,80.7
3133,3839,81.11
3134,3135,28.49
3135,3136,23.89
3136,3137,24.93
3137,3138,32.18
3138,3139,36.51
3139,3768,23.33
3140,3141,31.42
3141,3142,72.16
3142,3143,25.99
3144,2911,72.53
3145,3146,200.0
3146,3147,200.0
3147,3148,200.0
3148,3149,200.0
3149,3150,158.05
3150,2958,158.06
3151,3152,103.64
3152,3153,369.09
3153,2935,188.07
3155,3156,40.56
3156,3157,40.56
3157,3771,44.32
3158,3159,16.81
3159,3160,97.14
3160,3161,30.45
3161,3162,59.61
3162,3312,19.97
3163,3164,153.03
3164,3575,153.04
3060,1234,148.41
1234,1233,274.2
1233,1203,72.57
3165,3166,37.54
3167,3078,179.77
3168,2939,69.52
3169,2972,51.99
2846,3170,29.31
3170,3171,30.02
3171,3131,30.53
3169,3172,92.19
3172,3049,147.67
3173,3174,15.59
3174,3173,15.59
3175,3003,32.42
3176,4328,23.68
3055,3177,47.81
3177,3178,84.99
3178,3179,56.66
3179,3000,21.83
2998,2899,115.02
2899,3180,42.22
3180,3592,227.6
3060,3181,16.93
3181,3182,29.22
3182,3315,218.79
3183,3029,61.88
3184,3185,68.56
3185,3186,26.36
3186,3896,98.11
3187,2857,40.88
3188,3189,25.39
3189,3056,38.5
2866,3854,64.53
3190,2998,177.12
2857,2950,43.1
3191,3192,122.24
3192,2932,23.94
3193,3194,38.59
3194,3195,34.27
3195,3196,23.17
3196,3197,15.65
3197,3198,18.76
3199,3580,49.68
3200,3201,38.69
3201,3202,28.69
3202,4329,57.09
3173,3203,23.88
3203,3266,54.89
3204,3205,89.16
3205,2935,128.37
3206,3207,30.6
3207,2854,33.33
2994,3807,60.34
3208,3209,77.14
3209,3061,87.77
2878,2968,75.85
3210,3211,89.26
3211,3212,61.31
3212,3213,20.23
3213,3214,25.95
3214,3491,15.3
3215,3216,70.25
3216,3217,89.09
3217,3085,110.53
3218,3219,16.38
3219,3218,16.38
3220,3862,17.14
3221,4330,111.9
3222,2872,48.32
2872,2884,16.88
2884,2883,28.04
2883,2966,28.05
3223,3224,90.97
3224,3225,46.44
3225,3226,91.63
3227,2983,96.31
3228,3229,125.48
3229,3230,23.55
3230,3231,50.0
3231,3232,36.75
3232,3233,36.75
3233,3234,26.07
3234,3235,50.0
3235,3236,48.11
3236,3257,48.11
3237,3238,51.32
3238,3012,45.05
3239,3240,33.06
3240,1422,33.06
3241,3242,76.23
3242,3516,127.92
3243,3808,47.78
3244,3245,26.77
3245,3246,25.6
3246,3090,25.6
2928,3247,64.95
3247,2928,64.95
3248,3153,180.31
3153,3152,364.83
3152,3865,91.08
2963,3249,16.42
3249,3184,42.37
3250,3353,89.27
2968,3251,36.26
3251,2878,36.26
3252,3790,46.18
3253,3073,72.44
3254,3428,17.39
2964,3255,118.83
3255,3256,34.43
3256,2906,18.92
3257,2952,26.34
3258,3259,84.45
3259,3260,90.66
3260,3075,72.24
3261,3652,34.2
3262,3263,64.43
3263,3518,25.69
3064,3063,35.91
3063,2952,35.91
2991,3082,52.58
3264,3265,39.87
3265,2839,18.85
3266,3203,53.8
3203,3173,24.18
3267,3268,50.0
3268,3267,50.0
3268,3269,29.63
3269,3268,29.63
3269,3270,29.63
3270,3269,29.63
3270,3271,26.55
3271,3270,26.55
3271,3219,26.55
3219,3271,26.55
2894,3272,30.09
3272,3897,29.33
3273,3274,194.93
3274,3275,194.93
3275,3276,25.38
3276,3277,104.24
3277,3278,104.24
3278,3114,76.19
2857,3279,81.03
3279,3354,84.52
3280,2978,103.49
2983,3281,46.19
3281,2987,220.91
3282,3283,58.63
3283,3284,113.82
3284,3285,134.4
3285,3208,142.39
2921,3286,303.89
3286,2899,303.9
2889,3287,53.61
3287,3288,20.95
3288,3289,45.98
3289,3290,37.3
3290,3831,19.88
3292,3293,26.52
3293,3294,123.35
3294,3060,49.87
3041,3295,133.06
3295,3941,48.74
3296,3433,37.25
3297,3298,42.92
3298,3299,17.15
3299,3300,75.4
3300,3301,111.87
3301,3302,55.91
3302,3303,65.53
3303,2912,29.77
3304,3052,85.14
3305,2864,105.87
3020,3600,34.43
3306,3307,45.11
3307,3308,16.75
3308,3309,20.53
3309,3310,21.19
3310,3311,17.27
3311,3883,32.08
3312,3641,58.14
2992,3313,27.28
3313,3314,15.88
3314,2838,19.56
3315,3773,35.13
3316,3317,71.34
3317,3457,36.04
3318,3319,46.04
3319,3532,37.96
3320,2899,374.44
3321,3322,26.97
3322,3081,17.0
2899,3595,23.04
3266,3323,51.92
3323,3324,16.72
3324,3098,25.34
2877,3814,17.91
3151,3325,25.93
3325,3152,57.29
3152,3326,94.11
3326,3327,17.11
3327,2900,48.43
3184,3328,25.41
3328,3329,200.0
3329,3159,200.0
3159,3160,106.27
3160,3162,106.27
3162,3312,33.71
3330,2889,191.62
2889,2949,66.13
2847,3331,21.69
3331,2847,21.69
3333,3935,93.77
3334,3335,45.98
3335,3336,18.95
3336,3007,59.95
3337,3338,61.13
3338,2869,41.7
3339,3340,80.82
3340,3341,41.08
3341,3342,34.12
3342,2982,55.33
3343,3344,51.7
3344,3227,88.66
3345,2877,34.29
3346,3347,38.97
3347,2897,88.72
2912,3348,19.71
3348,3349,45.01
3349,3350,23.84
3350,3020,19.09
2906,3256,17.79
3256,3255,33.86
3255,3351,50.0
3351,3352,34.52
3352,2964,34.52
3353,3682,109.47
3354,3355,95.99
3355,3356,29.73
3356,2949,15.32
3033,3357,106.87
3357,3022,410.19
3022,2943,153.38
3358,2837,46.41
2846,3359,104.31
3359,3360,48.0
3360,3072,35.55
3081,3361,35.12
3361,3031,109.64
3362,3363,37.4
3363,3364,38.39
3364,2846,43.8
2913,3365,200.0
3365,3366,153.75
3366,3367,153.75
3367,3368,200.0
3368,3369,126.0
3369,3370,126.0
3370,3371,200.0
3371,3372,189.49
3372,3442,189.51
2955,3373,18.88
3373,3886,43.82
3374,4331,98.37
2864,3344,122.76
3344,3375,200.0
3375,3376,145.03
3376,3377,145.03
3377,3065,19.57
3378,3379,28.21
3379,3380,28.21
3380,3381,29.94
3381,3218,34.38
3382,3383,25.87
3383,3187,68.39
3384,3385,100.92
3385,3386,100.92
3386,1279,200.0
1279,1280,118.18
1280,3387,118.18
3387,3757,38.69
3388,3072,47.54
3072,4332,56.15
3389,2868,65.63
3390,3391,36.67
3391,3392,33.99
3392,2848,75.36
3315,3393,54.46
3393,2931,36.11
2931,3489,277.6
2959,3394,200.0
3394,3395,200.0
3395,3396,200.0
3396,3397,200.0
3397,3398,175.32
3398,2913,175.33
3399,3081,140.97
3081,3031,140.97
3400,3401,94.71
3401,3026,67.32
3014,3402,86.19
3402,2857,42.69
3403,3404,113.59
3404,2919,19.59
3175,3324,59.51
3324,3266,65.83
3405,3406,47.23
3406,3076,50.98
3407,3408,57.8
3408,3407,57.8
3408,3409,15.98
3409,3408,15.98
3410,3411,37.23
3411,3332,42.35
3412,3413,170.02
3413,3414,23.66
3414,3415,49.61
3415,2958,34.85
2958,3416,18.63
3416,3417,50.0
3417,3418,50.0
3418,3419,31.0
3419,3420,31.0
3420,3421,34.03
3421,504,34.04
3019,3422,200.0
3422,3423,191.48
3423,2865,191.48
2865,3021,200.0
3021,3424,133.24
3424,3425,133.24
3425,3426,200.0
3426,3427,165.23
3427,3145,165.25
3428,3429,61.09
3429,3430,74.61
3430,3258,36.71
3114,3429,116.23
3429,3258,116.23
3070,3431,15.29
3431,3070,15.29
3431,3099,26.54
3099,3431,26.54
3432,3034,29.73
2916,3158,108.07
3433,3434,83.07
3434,3435,53.29
2908,3436,148.8
3436,3120,109.68
3120,3437,115.46
3437,3438,115.47
3438,3439,200.0
3439,3440,200.0
3440,3441,171.71
3441,3114,171.72
3105,2855,44.37
2855,3105,44.37
3442,3443,139.86
3443,3737,139.86
2891,3444,47.73
3444,2960,83.1
3445,3446,187.94
3446,3447,55.16
3447,3032,190.82
3448,3775,32.2
2958,3449,133.96
3449,3450,133.96
3450,3451,69.54
3451,1649,38.42
3215,3452,186.11
3452,3787,141.24
3453,3454,94.5
3454,2936,76.4
2889,2933,36.45
3455,3456,19.68
3456,3024,80.5
3457,3458,41.37
3458,3459,24.76
3459,3777,27.19
3098,3003,21.76
3460,3461,119.71
3461,3462,119.71
3462,2908,77.43
3463,3637,56.01
3464,3465,23.65
3465,3466,44.19
3466,3054,53.79
3252,2962,34.97
3467,3089,34.72
3187,3025,29.86
3468,3469,50.6
3469,3470,53.05
3382,3513,68.92
3468,3471,31.18
3471,3468,31.18
3072,3360,27.98
3360,3362,27.69
3472,3473,79.25
3473,3474,24.05
3474,3037,23.43
3025,3477,30.15
3475,3691,24.63
2866,3476,79.05
3477,2950,20.27
3143,3478,57.41
3478,3237,53.42
3114,3479,144.69
3479,3276,144.69
3276,3275,26.19
3275,3274,200.0
3274,3480,141.49
3480,3481,141.5
3481,3482,52.71
2960,3444,97.64
3444,2891,47.68
3226,3483,34.34
3483,3484,56.67
3484,3485,36.58
3485,3321,68.94
2987,2999,198.85
3486,3487,53.12
3487,3488,19.07
3488,3318,39.89
3489,3575,171.84
3163,3822,58.68
3071,3490,43.99
3490,3220,41.8
3220,4333,29.37
3491,3827,50.26
2913,3492,22.88
3492,3493,22.59
3493,3494,42.44
3494,3495,36.1
3495,3496,29.49
3496,3497,65.46
3497,3498,57.39
3498,3504,27.23
3499,3123,20.06
3123,3500,18.95
3500,3013,22.65
3218,3501,27.03
3501,2925,87.22
2995,3502,34.24
3502,2995,34.24
3502,3503,66.66
3503,3502,66.66
3503,2989,73.86
2989,3503,73.86
3477,3046,22.82
3504,3058,34.45
3010,3505,223.66
3505,3506,24.2
3506,2858,29.85
3507,3508,48.05
3508,3509,20.18
3509,3510,18.32
3510,3511,28.47
3511,3155,36.59
2998,2899,118.86
3512,3829,135.01
3513,1280,30.14
3514,2866,204.22
2866,2857,101.21
2849,3463,111.4
2904,3515,285.52
3515,2858,285.52
3516,3517,31.99
3517,3033,28.09
3518,3519,24.33
3519,3520,34.0
3520,3521,26.56
3521,3507,27.0
3101,3522,36.72
3522,3101,36.72
3522,3523,36.72
3523,3522,36.72
3523,3524,50.0
3524,3523,50.0
3524,3525,25.4
3525,3524,25.4
3525,3267,25.41
3267,3525,25.41
2990,2971,333.49
3003,3055,29.8
3526,3527,105.33
3527,2974,15.54
3528,3262,94.17
3529,3530,30.77
3530,1203,33.01
3531,3166,24.28
3532,3533,30.19
3533,3534,21.24
3534,3605,77.94
2900,3774,160.98
3535,1233,30.4
1233,3536,50.0
3536,3537,50.0
3537,3538,25.28
3538,2893,25.29
3539,3540,48.37
3540,3383,200.0
3383,3541,200.0
3541,3542,101.23
3542,3543,101.23
3543,3619,61.24
3544,3545,32.01
3545,2901,82.49
3013,3546,21.79
3546,3547,38.92
3547,3171,15.45
3171,3170,29.11
3170,2846,25.42
2953,3548,23.77
3548,2984,41.68
3079,3110,36.87
2998,3549,157.04
3549,3055,45.55
3055,3191,267.78
3539,3550,32.71
3550,3551,95.49
3551,3382,84.92
3552,2923,198.1
3553,3554,82.35
3554,3555,64.51
3555,3044,80.22
2888,3556,77.91
3556,3640,102.39
3555,3557,46.05
3557,3554,17.42
3554,3744,18.31
3558,3559,40.17
3559,2838,30.71
3128,3560,27.89
3560,3561,56.65
2962,3252,42.38
3252,2976,42.38
3561,4334,37.61
3471,3562,31.66
3562,3471,31.66
3563,3556,40.11
3556,2980,18.81
3044,3309,100.89
3309,3308,39.32
3308,2870,125.69
3055,3190,34.17
2854,3564,33.06
3564,3565,21.94
3565,3176,32.29
3219,3566,45.24
3566,3106,48.93
3489,3580,198.14
2919,3567,15.63
3567,3568,26.44
3568,3812,79.88
3247,3067,65.98
3067,3247,65.98
3257,2952,27.34
3569,3570,50.0
3570,3571,50.0
3571,3572,50.0
3572,3573,50.0
3573,3574,31.23
3574,3261,31.24
3575,3576,54.8
3576,3577,113.18
3577,3460,113.18
3578,3579,29.3
3579,3296,29.31
3580,3872,46.79
3581,3582,30.84
3582,3583,50.34
3583,3316,16.63
3011,3584,46.89
3584,2937,46.79
3065,3585,48.87
3585,2863,35.31
3174,3074,34.25
3074,3174,34.25
2876,3586,40.51
3586,2876,40.51
3586,3587,40.51
3587,3586,40.51
3073,3588,18.85
3588,3253,55.65
2998,3175,142.5
3589,3590,24.12
3590,3589,24.12
3590,2875,47.22
2875,3590,47.22
2894,3272,47.89
3272,2873,200.0
2873,3548,150.92
3548,3591,150.92
3591,3464,71.81
3592,3241,316.66
3384,3593,50.0
3593,3594,38.86
3594,3778,38.86
3595,3596,46.12
3596,3597,17.9
3597,3598,20.56
3598,2998,23.88
3599,3373,24.09
3373,2955,19.48
3167,3055,202.55
3055,3549,46.73
3549,2998,162.27
3176,3565,43.52
3565,3564,21.47
3564,2854,39.41
3600,3601,30.93
3601,3305,115.89
3602,3453,45.86
3603,3193,96.26
2866,3025,54.94
3604,3374,31.89
3374,3080,43.1
3605,3330,44.71
3606,3526,68.32
3607,3204,22.03
3608,3609,43.93
3609,3610,86.24
3610,3611,105.33
3611,3612,38.64
3612,3613,23.75
3613,3614,29.14
3614,3615,46.0
3615,3616,22.73
3399,3617,200.0
3617,3618,144.24
3618,3540,144.24
3540,3383,200.0
3383,3046,136.94
3046,1278,136.94
1278,3619,200.0
3619,3620,198.35
3620,1575,198.35
3621,3622,43.28
3622,3755,43.28
2845,3726,38.98
3623,3700,37.63
2937,3304,30.21
2870,3624,45.75
3624,2911,27.99
3625,3097,168.0
3626,3621,22.15
3097,3804,484.84
3627,3629,96.36
3628,3662,60.72
3629,3630,50.0
3630,3631,33.87
3631,2915,33.87
3512,3632,37.47
3632,3633,200.0
3633,3634,200.0
3634,3635,180.42
3635,3636,180.42
3636,3787,108.47
3637,3638,29.91
3638,2888,16.64
3369,3464,203.81
2839,3639,43.29
3639,2892,21.54
3640,3468,498.58
3468,3167,498.58
3641,3642,70.53
3642,3441,161.47
3441,3114,161.47
2966,3643,20.33
3643,3644,17.71
3644,3645,25.33
3645,3134,42.77
2864,3646,45.83
3646,3343,32.27
2952,3647,187.67
3647,3648,66.48
3648,3649,29.74
3649,3650,55.91
3650,3651,35.16
3652,3877,127.63
3653,3654,58.27
3654,3783,35.63
3655,3656,64.89
3656,3657,57.27
3657,3410,54.68
3658,3468,175.28
2952,3405,55.38
3332,3701,40.73
3659,3660,24.22
3660,3221,56.51
3661,3659,62.2
3662,3663,24.48
3663,3664,25.19
3664,3661,97.12
3665,3666,28.12
3666,3667,18.06
3667,3668,44.17
3668,3669,90.77
3669,3670,53.55
3670,3671,49.43
3671,3874,31.81
3672,4335,39.36
3673,3674,70.1
3674,3675,22.54
3675,3676,29.38
3676,3677,20.46
3677,3678,18.17
3678,3250,34.19
3651,3679,52.57
3679,3680,49.3
3680,3053,41.51
2970,3681,113.37
3681,3482,113.37
3482,3481,53.42
3481,3273,95.27
3682,3674,108.01
3674,4336,26.04
3514,3683,15.53
3683,3684,26.72
3684,3685,17.24
3685,3686,50.89
3687,3688,20.65
3688,3628,53.14
3689,3690,88.21
3690,4337,56.09
3692,3717,53.14
3332,3693,25.28
3693,3694,18.3
3694,3695,117.41
3695,3696,20.46
3696,3697,26.74
3697,2945,68.87
3698,3699,41.42
3699,3222,37.92
3700,2952,28.02
3701,3702,43.24
3702,4338,50.0
3703,3704,42.85
3704,3705,25.08
3705,3706,25.08
3706,3707,24.56
3708,3709,26.79
3709,3710,38.16
3711,3691,44.44
3038,3110,72.53
2863,3712,187.42
3712,3145,187.43
3691,4339,68.07
3691,3713,34.34
3713,4339,26.64
3714,3154,70.0
3482,3746,191.42
3715,2970,30.11
3637,2849,151.25
3716,4340,80.95
3717,3718,175.03
3718,3719,80.48
3719,3151,27.16
3720,3721,31.69
3721,3722,17.81
3722,3244,19.25
3031,3785,25.94
3470,3723,39.52
3723,3045,73.96
3724,3043,67.62
3043,3724,67.62
2888,3638,16.81
3638,3637,30.44
3725,1309,25.11
3726,3659,136.38
3659,3727,20.46
3727,3728,23.68
3728,3125,55.18
1280,3729,33.58
3729,3730,34.75
3730,3731,46.36
3731,3757,16.89
2886,3732,200.0
3732,3733,200.0
3733,3734,115.37
3734,2905,115.37
2905,3735,101.59
3735,3736,178.08
3736,3019,178.09
3737,3735,77.0
3735,2905,99.67
3738,3739,200.0
3739,3740,115.85
3740,2887,115.86
3741,3742,30.7
3742,3743,34.9
3743,3068,37.68
3744,3745,21.02
3745,3553,34.08
3746,3482,195.93
3482,3481,52.62
3481,3273,95.48
3707,3606,39.3
2981,3747,182.33
3747,3748,56.75
3748,3749,153.27
3749,3750,55.33
3750,3751,19.19
3751,3672,17.43
3054,3752,28.89
3752,3753,173.06
3753,3442,173.07
3754,3057,16.34
3755,3623,39.1
3482,3756,117.67
3756,3672,117.67
3757,3758,54.64
3758,3759,47.75
3759,3760,38.65
3760,3761,51.49
3761,3762,45.08
3762,3763,40.6
3763,3764,54.16
3764,3163,15.31
2848,3292,34.83
2931,3031,77.18
2848,2889,15.72
3248,3765,35.43
3765,3015,205.76
3766,3183,60.0
3767,3223,76.23
3768,3797,62.83
3769,3248,16.76
3616,3770,46.2
3770,3254,135.21
3771,3772,61.32
3772,3627,83.04
3773,2931,49.57
3774,3152,92.79
3152,3865,76.47
3775,3776,50.05
3776,4042,93.33
3777,2963,68.19
3778,3779,44.85
3779,3133,41.46
3476,3513,27.23
3133,2926,21.1
3780,3781,189.29
3781,3782,38.61
3783,3784,16.39
3784,3332,33.87
3710,3711,44.91
3785,3786,48.75
3786,3539,81.53
3787,3767,167.64
3553,3788,30.21
3788,3698,30.21
2844,3789,30.55
3789,4341,47.37
2965,3790,227.65
3790,2962,22.71
3791,3526,88.0
3792,3793,37.05
3793,2962,37.05
3794,3795,41.02
3795,3796,41.02
3796,3578,29.91
3198,3794,45.07
3797,2976,86.76
2976,3252,37.37
3798,3799,42.78
3799,3768,42.78
3768,3800,27.9
3800,3768,27.9
3800,3801,22.79
3801,3800,22.79
3801,3802,16.49
3802,3801,16.49
3802,3589,27.19
3589,3802,27.19
3768,3837,164.41
3644,2966,38.76
3803,3839,36.41
3804,3514,93.28
3805,3806,154.57
3806,2969,25.85
3807,3027,81.31
3808,3809,38.61
3809,3810,32.82
3810,3378,32.82
3811,3407,43.46
3407,3811,43.46
3812,3813,130.1
3813,2940,31.61
3814,3899,45.48
3815,3816,17.78
3816,3817,77.13
3817,3818,135.17
3818,3819,58.8
3819,3820,70.95
3820,3821,22.19
3821,3475,45.25
3822,3823,34.36
3823,3824,62.44
3824,3825,63.58
3825,3826,15.87
3826,3199,34.43
3827,3828,61.22
3828,2913,32.72
3829,3830,83.52
3830,2916,36.85
3831,3528,58.94
3642,3832,34.0
3832,3833,44.94
3833,3665,48.03
3834,3724,51.08
3724,3834,51.08
3619,3835,56.02
3835,3725,25.29
3836,3789,85.06
3837,3838,34.17
3838,3645,34.17
3645,3644,34.69
3839,3893,79.95
3840,3619,29.91
3707,3791,55.04
3842,3841,68.2
3843,4159,173.34
3844,4342,42.81
3843,2840,48.37
2949,2857,314.23
2857,2866,103.48
2866,3842,204.91
3845,3846,17.54
3846,3847,17.3
3847,3848,51.86
3848,3849,28.01
3849,3850,30.57
3850,3851,45.21
3851,3852,27.97
3852,3282,85.59
3853,3845,102.08
3854,3855,45.32
3855,3856,49.07
3856,3842,19.8
3074,3331,57.38
3331,3074,57.38
2893,2949,27.51
3475,3857,16.32
3857,3843,55.21
2944,3858,107.21
3858,3859,19.09
3859,3860,78.71
3860,3815,39.78
3861,3109,47.05
3109,2954,75.58
3253,2965,134.17
3862,3490,17.69
3490,3071,27.7
3863,3861,348.25
3790,3863,34.7
2962,3863,28.56
2927,3018,396.69
2835,3531,20.34
3166,3531,24.94
3531,2835,27.89
3018,2927,396.99
3864,3073,266.39
3865,3866,86.58
3866,3864,167.43
3867,3529,41.51
3868,3051,64.43
2933,3869,33.01
3869,3867,46.81
3330,3870,15.09
3870,3868,96.58
3435,3871,33.22
3871,3486,61.8
3872,3873,96.49
3873,3581,23.83
3874,3875,128.12
3875,3876,29.26
3876,3339,15.71
3877,3878,15.94
3878,3653,33.44
3790,3879,80.74
3879,2948,116.51
3880,3881,106.35
3881,3432,42.5
3073,3882,93.66
3882,3692,114.27
3448,3836,27.06
3883,3044,15.48
3884,3885,37.71
3885,3884,37.71
3885,2846,37.71
2846,3885,37.71
3886,3080,27.19
3080,3374,28.77
3028,3887,45.75
3887,3027,68.78
2926,3888,22.89
3888,2986,19.2
3841,3889,79.74
3889,3890,44.62
3890,3891,51.52
3891,2944,59.34
3222,3699,32.66
3699,3892,22.27
3892,3553,104.7
3893,3894,35.86
3894,3840,67.33
3895,2844,31.64
3896,2860,20.64
3897,3898,29.73
3898,3038,115.81
3686,2866,92.33
3899,3345,26.01
2877,3900,37.39
3900,4343,17.2
3071,3304,69.97
3901,3804,54.92
3304,3059,52.87
2889,3831,197.73
3337,3902,45.58
3902,2994,153.65
3027,3902,307.42
3902,3337,48.6
2857,2949,304.5
2949,2889,52.52
3051,2889,37.8
3904,4099,34.04
3905,4083,313.37
3906,4047,19.18
3907,3904,132.41
3908,3962,46.54
3909,3913,48.07
3911,4118,88.07
3912,3950,272.76
3913,4122,71.2
3914,3979,132.46
3915,4048,90.93
3914,3984,67.91
3916,4062,15.71
3920,4117,22.56
3920,3708,55.79
3921,3985,50.71
3922,4091,31.41
3923,3967,130.18
3924,3995,93.71
3917,3945,104.66
3926,4101,70.18
3927,4060,41.51
3928,3942,132.3
3921,4104,33.8
3929,4146,102.1
3915,4106,27.16
3931,3928,77.62
3932,4034,38.08
3933,4003,33.64
3934,4125,79.62
3938,3937,110.96
3939,3906,45.81
3940,3967,38.0
3941,3961,47.03
3942,3974,47.69
3938,3937,109.25
3943,3980,24.83
3936,3919,331.81
3944,3977,49.07
3945,3923,96.55
3946,3943,23.83
3943,3946,23.83
3937,3953,136.18
3930,3912,136.86
3947,3917,35.33
3949,3973,66.76
3951,3983,47.73
3952,3911,84.0
3950,3968,55.16
3954,3939,15.51
3955,3931,27.63
3956,3957,41.92
3957,3956,41.92
3942,3961,63.62
3910,3954,75.95
3958,3959,42.72
3959,3914,42.72
3960,4183,21.07
3961,3952,73.49
3962,3965,35.39
3948,3918,229.55
3966,4103,32.65
3968,3947,21.23
3969,4030,17.83
3970,4231,73.02
3965,3922,18.17
3951,4082,40.82
3971,4105,24.24
3972,3907,43.62
3333,4160,25.98
3935,4085,67.79
3973,4212,23.07
3974,3975,41.3
3975,3941,31.18
3977,4024,47.06
3978,3915,37.96
3979,4016,141.03
3980,2369,168.73
3981,4190,32.69
3982,4098,77.82
3983,4082,32.92
3984,3958,21.41
3965,4091,29.72
3958,3969,342.87
3953,3925,52.21
3940,3964,17.65
3972,4023,246.91
3946,3980,35.95
3985,3986,70.35
3986,3987,96.47
3987,3988,60.12
3988,3926,93.85
3989,4179,106.42
3990,3922,100.72
3991,3985,15.43
3992,3993,25.03
3993,3972,198.52
3994,3947,23.03
3936,3916,16.23
3995,3996,120.04
3996,3997,136.32
3997,2468,65.76
2468,4151,75.83
3998,4143,41.41
3926,3333,176.76
3333,3999,70.19
3999,3924,168.17
4001,4002,15.74
4002,4090,38.29
4003,4004,34.17
4004,4220,18.81
4000,4344,55.65
3923,4005,62.5
4005,3940,18.67
3904,4006,40.35
4006,4007,42.72
4007,3963,39.62
4008,4023,198.35
4008,3969,99.58
4009,4140,28.86
3917,4010,57.99
4010,4011,30.82
4011,3945,15.18
3964,4012,63.38
4012,4013,28.74
4013,4014,72.16
4014,4015,24.65
4015,4048,27.06
4016,4017,271.05
4017,4018,295.84
4019,4020,20.03
4020,4019,20.03
4021,4022,33.71
4023,4008,198.86
4024,4025,26.27
4025,4345,26.27
4026,3905,21.8
4027,4028,62.79
4029,3950,33.57
4030,4008,81.25
3947,3917,33.66
4031,4032,38.36
4032,3979,38.36
4033,4034,65.47
3969,4035,50.0
4035,4036,50.0
4036,4037,50.0
4037,4038,50.0
4038,4039,50.0
4039,4040,48.42
4040,3958,48.42
3934,4146,48.47
4041,3918,40.3
4042,4043,25.7
4043,3934,39.59
4044,3999,183.03
3999,3333,70.51
3333,4085,175.9
3945,4045,28.22
4045,3923,38.87
3964,3940,16.46
4047,4056,77.51
4048,4015,25.88
4015,4014,24.26
4014,4013,70.94
4013,3964,93.61
3979,4049,19.51
4049,4050,31.61
4050,4051,31.61
4051,3914,47.46
3963,4052,42.49
4052,4053,50.61
4053,4054,18.64
4055,3930,28.8
4056,3909,131.69
3929,4125,52.25
4057,4346,308.81
4058,4059,17.57
4059,4107,20.33
4060,4061,15.58
4061,4218,25.49
3932,4063,161.29
4063,4232,40.75
2465,4064,47.26
4064,4065,51.88
4065,4203,56.92
4066,2468,29.28
2468,4067,500.0
4067,4068,500.0
4068,4069,500.0
4069,2371,500.0
2371,4347,500.0
2585,2584,39.31
3972,4070,50.0
4070,4071,50.0
4071,4072,50.0
4072,4073,50.0
4073,4074,27.56
4074,2585,27.56
2584,4075,50.0
4075,4076,50.0
4076,2583,50.0
2583,4077,34.35
4077,4195,34.35
4079,4080,27.7
4080,4081,18.74
4081,3903,66.82
3963,4007,39.26
4007,4006,42.59
4006,4099,23.41
4082,4124,28.65
4083,3960,28.19
3960,4083,28.19
3950,4131,18.96
4084,4087,58.31
4085,4086,196.54
4086,4084,49.08
4087,3921,25.87
4023,4088,178.94
4088,3972,67.51
3948,4089,15.01
4089,4147,63.54
4090,4002,29.92
4002,4001,30.9
4091,4092,68.27
4092,4026,33.56
4093,4094,50.22
4094,4078,43.53
4095,4096,268.71
4096,4097,268.95
4097,3911,42.85
4098,4095,25.75
4099,4100,24.88
3992,4100,91.55
4044,4067,68.21
4067,2862,99.16
4101,4102,61.13
4102,3333,39.82
4103,4000,30.66
4100,3938,198.95
4104,3929,157.11
4105,4348,65.96
4078,4105,52.48
3916,3936,17.83
4106,4178,59.46
4107,4108,33.08
4108,4227,59.57
4109,4110,142.71
4110,4111,124.95
4111,3955,49.49
4112,4044,80.11
4113,4114,44.38
4114,4115,141.47
4115,4116,43.73
4116,4180,38.53
4117,3924,149.48
4118,4119,38.98
4119,4120,218.35
4120,4121,29.96
4121,4093,24.87
3918,3691,291.11
3968,3947,25.95
4122,3981,33.95
3957,4123,35.55
4123,3957,35.55
3956,4123,58.62
4124,4122,46.15
4123,4221,408.12
4125,4126,89.07
4126,3448,124.12
4127,3903,348.27
3903,4127,348.27
3918,4128,29.78
4128,3920,40.66
4129,4156,30.58
4062,4055,44.04
4022,4130,31.55
4130,4153,31.55
4054,4079,133.89
4131,3968,36.08
4132,4057,329.25
3925,3916,104.04
3925,4133,30.37
4133,4134,55.63
4134,4062,36.43
3937,3925,206.1
4055,3930,43.17
3916,4055,73.85
4054,4052,83.89
4052,3963,42.64
4034,2600,66.33
3903,4081,66.43
4081,4080,17.76
4080,4079,28.06
4079,4054,142.14
3936,4135,53.32
4135,4136,39.02
4136,4137,41.7
4137,4138,55.6
4138,4157,17.41
4139,3919,36.9
4140,4349,27.93
3918,4169,17.41
4048,4141,70.8
4141,3915,18.54
4106,4142,37.78
4142,3998,75.72
4143,4350,108.21
3912,4027,30.63
4028,4144,39.98
4144,4145,40.35
4145,4029,36.82
4146,4069,42.41
4069,4033,91.4
4147,4041,97.77
3930,4148,34.31
4148,4149,29.46
4149,4150,21.81
4150,3912,23.41
4151,4152,57.08
4152,4046,70.26
4153,4154,50.0
4154,4155,32.42
4155,4351,32.43
4156,4178,30.01
4046,4113,78.0
4157,4158,52.23
4158,4139,16.2
4159,4169,28.89
4160,4159,46.23
3967,4161,78.21
4161,3948,125.58
3967,4161,78.27
3994,4162,16.93
4162,4174,77.1
4161,4163,20.97
4163,3948,61.01
3976,4164,18.59
4164,4165,103.53
4165,4166,115.97
4166,4167,19.43
4167,4168,30.5
4168,3994,41.16
4169,4170,199.78
4170,4171,78.62
4171,4172,96.18
4172,3976,89.89
4173,3936,24.12
4174,4175,113.54
4175,4176,128.74
4176,4177,56.85
4177,4173,148.77
4173,3936,46.59
4090,4219,42.24
4178,3978,22.05
4179,3990,56.29
4180,4181,37.01
4181,4352,42.93
4182,4353,55.04
3983,4183,46.06
4183,3983,46.06
4184,4187,59.95
4185,4182,234.59
4183,4185,35.51
3960,4185,20.42
3957,4018,15.31
4018,3957,15.31
4018,4187,34.72
4186,3966,130.86
4186,3966,106.56
4187,4020,86.71
3966,4000,76.43
4188,4189,145.02
4189,4186,66.09
3931,4097,107.87
4097,4096,276.12
4095,4186,46.23
4096,4095,260.18
4190,3933,23.44
4019,4191,60.51
4191,4019,60.51
4191,3910,15.91
3910,4191,15.91
4192,4354,20.34
4193,4192,22.33
4192,4194,44.06
4194,4192,44.06
4194,3946,44.06
3946,4194,44.06
4195,3946,38.6
4195,3943,26.17
4196,4019,34.13
4019,4196,34.13
4187,4196,55.08
4197,4349,243.31
3919,4197,80.75
4197,4198,95.94
4198,4199,16.64
4199,4009,62.3
3919,4200,21.77
4200,4201,40.69
4201,4197,20.77
4202,3910,20.51
4203,4204,25.8
4204,4205,24.44
4205,3991,15.56
4206,3932,32.02
4207,4208,58.74
4208,4209,190.38
4209,4112,40.61
4066,4210,15.2
4210,4207,63.51
4212,4213,16.14
4213,4188,19.85
4000,4215,86.09
4098,4095,26.91
4095,4214,190.49
4214,4213,40.37
4215,3982,39.54
4211,4216,62.44
4216,4217,15.47
4217,4109,36.12
4214,3949,31.74
4218,4211,16.07
4219,4090,23.94
4220,3908,18.07
4221,4222,50.0
4222,4223,38.93
4223,4224,38.93
4224,4031,35.32
4225,4058,173.55
4026,4226,60.85
4226,3951,147.31
4227,4228,170.31
4228,4066,62.27
3922,4229,16.2
4229,4230,15.99
4230,3944,50.73
4231,4225,31.64
4232,2465,43.07
