edge_id,from_idx,to_idx,lat,lon,highway_tag,distance_m
0,514,501,-6.21589572073885,106.77731038093273,['primary'],62.3
1,65,71,-6.301671243845094,106.83692697637075,['trunk'],64.0
2,152,148,-6.2459590992345815,106.7940667657574,['secondary'],66.5
3,148,152,-6.245908098216995,106.79403937757405,['secondary'],67.5
4,99,93,-6.209148343557424,106.84736350068309,['primary'],72.4
5,135,388,-6.254462824881871,106.79732862313445,['primary'],73.1
6,432,430,-6.272300168780412,106.76469882102388,['secondary'],73.5
7,430,432,-6.272244271850198,106.76472588201767,['secondary'],73.9
8,291,390,-6.253124584327853,106.77320615115639,['secondary'],75.2
9,292,294,-6.241469296027268,106.78081275421766,['secondary'],75.6
10,453,454,-6.315602506820072,106.79276556242662,['secondary'],76.4
11,351,350,-6.299633532291403,106.77501158089653,['secondary'],77.3
12,350,351,-6.299571649217832,106.77506424789469,['secondary'],77.6
13,66,29,-6.29266729110712,106.81750305069927,['trunk'],78.1
14,299,358,-6.238373116005783,106.77829141626383,['primary'],78.5
15,435,282,-6.277289025214487,106.77279307197331,['secondary'],80.1
16,395,396,-6.244323820754377,106.782427975426,['trunk'],80.1
17,396,398,-6.244310433540671,106.78238364056557,['trunk'],80.1
18,282,435,-6.277275564268196,106.77274021797994,['secondary'],80.6
19,286,353,-6.298120204982742,106.7742306377221,['secondary'],81.0
20,39,442,-6.294547304040181,106.80514395794968,['motorway_link'],81.7
21,372,374,-6.277810651046899,106.80822094232548,['primary'],81.7
22,37,61,-6.2919995322340725,106.80606309815036,['trunk'],82.2
23,353,286,-6.298170885295851,106.77417829696797,['secondary'],84.9
24,160,161,-6.233010330457692,106.7979502315725,['primary'],85.9
25,184,185,-6.238601487477115,106.81497336955142,['secondary'],88.3
26,441,370,-6.289476895276703,106.80647207378465,['primary'],89.3
27,156,157,-6.239097434931485,106.78637463235529,['primary'],89.4
28,149,153,-6.2496111088258175,106.79182827847757,['secondary'],89.4
29,153,149,-6.2496014772556245,106.791768235953,['secondary'],89.8
30,88,23,-6.2426418471332425,106.8439370569185,['primary'],89.9
31,510,509,-6.231509420295578,106.78014155934214,['primary'],91.3
32,509,510,-6.231506649553136,106.78020978307957,['primary'],91.4
33,124,116,-6.230566684452677,106.80766188067155,['secondary'],91.6
34,117,114,-6.239643225449872,106.80725070121382,['secondary'],92.3
35,492,414,-6.285386676820746,106.84171551527845,['secondary'],92.5
36,414,492,-6.285386676820746,106.84171551527845,['secondary'],92.5
37,495,489,-6.219422375748383,106.81255559119734,['primary'],92.9
38,358,394,-6.238292271485735,106.77835865762118,['primary'],93.6
39,144,143,-6.227110204464682,106.80854528527179,['secondary'],93.8
40,166,141,-6.229756711765102,106.80955476297183,['secondary'],94.0
41,233,235,-6.239772758524734,106.83120706081522,['trunk_link'],95.7
42,97,99,-6.208953940102348,106.84663175947985,['primary'],96.0
43,165,167,-6.233283329717068,106.8122932618753,['secondary'],96.4
44,422,5,-6.331529799249679,106.83478695088442,['primary'],96.6
45,210,213,-6.273090082796415,106.77306965142655,['secondary'],97.1
46,191,199,-6.223264558972619,106.80962224585498,['secondary'],97.1
47,112,233,-6.240089796744563,106.83075139389999,['trunk_link'],98.0
48,18,28,-6.30212166326537,106.83682073745709,['trunk'],98.0
49,498,513,-6.22087005,106.7823496,['primary'],98.6
50,98,96,-6.206057946223379,106.83827687533376,['primary'],99.2
51,96,98,-6.206181844219323,106.83823778696039,['primary'],103.1
52,213,210,-6.273016879359778,106.77309244657837,['secondary'],103.2
53,479,499,-6.238030371590282,106.76939145344808,['primary'],105.2
54,69,70,-6.303858262859862,106.84325261922255,['trunk'],105.8
55,499,479,-6.237908266524296,106.7693936559689,['primary'],106.0
56,221,218,-6.204103382844583,106.82502935715657,['primary'],106.1
57,218,221,-6.204103382844583,106.82502935715657,['primary'],106.1
58,134,137,-6.245273467591002,106.79807652270196,['primary'],106.4
59,267,271,-6.234903996278673,106.82404980881506,['trunk'],106.5
60,513,512,-6.221294502081514,106.78317393886789,['primary'],106.6
61,319,131,-6.221705188736184,106.78697360357182,['secondary'],107.0
62,126,129,-6.240417289718496,106.79855057612369,['primary'],107.1
63,103,105,-6.279610708181932,106.8289939264753,['primary'],108.0
64,129,126,-6.240406639031857,106.79834769300237,['primary'],109.9
65,419,159,-6.229183765718882,106.79786245118659,['primary'],110.0
66,238,185,-6.239265153567081,106.814946715341,['secondary'],110.1
67,116,124,-6.2307776560537365,106.80756133912274,['secondary'],110.1
68,241,219,-6.206858684406654,106.82982518927966,['secondary'],111.2
69,62,31,-6.292271359870124,106.81635452589248,['trunk_link'],113.5
70,1,2,-6.344174154099715,106.83306323434341,['secondary'],113.7
71,392,391,-6.237819587175232,106.76451932078363,['primary'],114.5
72,357,504,-6.234674699827128,106.7803467860169,['primary'],114.7
73,504,357,-6.23466947322849,106.7804234766202,['primary'],114.8
74,57,60,-6.292470564488328,106.80482645989453,['primary'],114.8
75,114,117,-6.239514019829235,106.80731047592506,['secondary'],115.1
76,29,30,-6.292203931418809,106.81701205412536,['trunk_link'],115.4
77,353,350,-6.2989046543134295,106.77464192209143,['secondary'],115.5
78,496,497,-6.219696352591185,106.77854284301168,['primary'],118.1
79,491,492,-6.285538685169014,106.84077281050203,['secondary'],118.7
80,492,491,-6.285538685169014,106.84077281050203,['secondary'],118.7
81,139,382,-6.2478896091989595,106.80642126654962,['primary'],118.9
82,391,392,-6.237720985726927,106.76451022442903,['primary'],119.4
83,502,151,-6.241959398689403,106.79214767135403,['primary'],119.4
84,415,416,-6.287271702900246,106.8436274880397,['primary'],119.5
85,192,194,-6.226224158427081,106.8068974600559,['secondary'],119.9
86,338,349,-6.225129828171607,106.86214962537808,['primary'],120.6
87,61,371,-6.292002256566869,106.80714196956816,['trunk'],120.6
88,209,206,-6.273931356081135,106.77486383789024,['secondary'],120.8
89,245,233,-6.240205494302064,106.83165599231576,['primary'],121.2
90,31,34,-6.2925413788899425,106.81548088526422,['trunk'],121.8
91,115,118,-6.239947333862274,106.80188518533052,['primary'],121.9
92,350,353,-6.298937992179084,106.77457760024356,['secondary'],122.5
93,185,238,-6.239245724372739,106.8150347317076,['secondary'],123.0
94,187,188,-6.2231680006762975,106.81466160677405,['trunk'],123.6
95,206,209,-6.27402305099365,106.77481192404538,['secondary'],123.8
96,128,502,-6.241457293633609,106.7930769913527,['primary'],124.0
97,118,115,-6.239792134955541,106.80188546095343,['primary'],124.1
98,29,31,-6.292595001171425,106.81659122107632,['trunk'],124.2
99,131,319,-6.221585166497155,106.7869258416299,['secondary'],124.8
100,258,162,-6.233633726220233,106.79366351887448,['primary'],125.2
101,276,259,-6.236446870628393,106.78878063540145,['primary'],125.2
102,162,258,-6.233633726220233,106.79366351887448,['primary'],125.2
103,142,144,-6.227723034067553,106.80895418346836,['secondary'],125.3
104,454,366,-6.3150698540371195,106.79323382315206,['secondary'],126.0
105,366,454,-6.3150698540371195,106.79323382315206,['secondary'],126.0
106,23,22,-6.242688733999547,106.84364750265789,['primary'],126.2
107,340,265,-6.218682220848299,106.81971319967855,['primary'],126.2
108,239,219,-6.206552274503396,106.82928189501983,['primary'],127.1
109,315,317,-6.2727265011451605,106.84707756562855,['secondary'],127.7
110,311,431,-6.268191437944304,106.76592261275668,['secondary'],128.1
111,210,209,-6.273353189718031,106.77395760457324,['secondary'],128.2
112,430,402,-6.271624973351413,106.76466298554541,['secondary'],128.3
113,402,430,-6.271624973351413,106.76466298554541,['secondary'],128.3
114,431,311,-6.268185350491306,106.76587004630993,['secondary'],128.4
115,209,210,-6.273414114208585,106.77390961348414,['secondary'],128.8
116,503,283,-6.289295128881001,106.77291171868185,['trunk'],129.9
117,90,92,-6.215272464458218,106.84343353544539,['primary'],131.0
118,27,72,-6.303340300583624,106.84318250815305,['trunk'],131.6
119,141,142,-6.228873206699651,106.80904695414073,['secondary'],131.8
120,62,30,-6.292048432163261,106.81691025425359,['trunk'],131.8
121,317,315,-6.27278623133307,106.84709803899105,['secondary'],132.1
122,150,158,-6.2448569538720085,106.78860687401385,['secondary'],132.4
123,359,94,-6.212864743452091,106.84466599391654,['primary'],132.7
124,328,156,-6.239329557119146,106.78569709410392,['primary'],132.7
125,474,429,-6.25581139581298,106.85501245001072,['primary_link'],133.3
126,490,241,-6.2078048864786215,106.83025964713022,['secondary'],133.5
127,241,490,-6.207778478452965,106.8303226164312,['secondary'],133.5
128,484,480,-6.23661512400884,106.75229758657713,['primary'],133.6
129,399,393,-6.23753294683568,106.76151067198464,['primary'],133.7
130,158,150,-6.244824692454645,106.78867238828475,['secondary'],134.4
131,480,484,-6.236740103481409,106.7522988497783,['primary'],134.8
132,263,264,-6.214902644952811,106.8183939013407,['primary'],135.0
133,393,399,-6.237627781137495,106.76149749873389,['primary'],135.5
134,155,158,-6.243747422999202,106.78812629709353,['secondary'],136.5
135,158,155,-6.243747422999202,106.78812629709353,['secondary'],136.5
136,3,4,-6.354026453746629,106.83223251090156,['primary'],136.9
137,63,410,-6.2861542087246916,106.82669912670663,['secondary'],140.0
138,52,278,-6.289356094691987,106.77581148767878,['trunk'],140.3
139,123,121,-6.234489512358257,106.80109542816403,['primary'],142.0
140,410,63,-6.286208534092374,106.82668412667921,['secondary'],143.4
141,500,499,-6.2378672436741995,106.76838326923063,['primary'],143.5
142,499,500,-6.237983090016487,106.76838188169354,['primary'],144.2
143,357,300,-6.235818714746455,106.78050428858893,['primary'],144.5
144,95,96,-6.2065179690397585,106.83916869064886,['primary'],144.8
145,137,134,-6.245454417537906,106.79818667571656,['primary'],146.2
146,96,95,-6.2063879153982375,106.83920222769565,['primary'],147.1
147,150,146,-6.245916726777113,106.78928746374494,['secondary'],147.3
148,146,150,-6.245916726777113,106.78928746374494,['secondary'],147.3
149,254,251,-6.220427178177197,106.8136818820065,['trunk_link'],147.3
150,156,301,-6.239499814507836,106.78556048871607,['primary'],148.2
151,413,415,-6.287459390389056,106.84374085398197,['primary'],149.6
152,245,235,-6.239842343489261,106.83163275101225,['trunk'],150.0
153,177,173,-6.292289300967344,106.80977626671452,['motorway'],152.5
154,408,505,-6.304175745212782,106.78163888505719,['secondary'],152.5
155,505,408,-6.304175745212782,106.78163888505719,['secondary'],152.5
156,76,223,-6.243220283349662,106.84757324832502,['trunk'],153.5
157,300,357,-6.235864819856372,106.78044557041999,['primary'],153.8
158,425,427,-6.258316653276049,106.85391649446626,['secondary'],153.8
159,89,91,-6.228270980665799,106.84729710486124,['primary'],154.0
160,248,250,-6.221037681471659,106.81289232894096,['trunk_link'],154.3
161,427,425,-6.258341846716427,106.85397275063181,['secondary'],154.3
162,361,268,-6.237949249138282,106.82663627510915,['primary_link'],154.5
163,91,89,-6.228283414811078,106.84742161270282,['primary'],154.8
164,339,340,-6.217449998893214,106.81935897840341,['primary'],155.1
165,23,19,-6.243330323629841,106.84364806423474,['primary'],155.2
166,248,249,-6.220672343360153,106.81299414593738,['trunk'],156.9
167,144,190,-6.226446994650587,106.80900095180795,['secondary'],157.5
168,51,49,-6.2876876608026935,106.77772452009873,['trunk'],158.5
169,284,285,-6.2892520971128985,106.77015696783651,['trunk'],158.7
170,283,284,-6.289246291981194,106.77149847870288,['trunk'],160.7
171,54,55,-6.291679257306335,106.7847116872154,['motorway'],160.8
172,474,470,-6.255901384939591,106.85448564690552,['primary_link'],161.0
173,235,247,-6.23907206794796,106.83045536809745,['trunk'],161.4
174,47,49,-6.288910557765409,106.77820123979076,['trunk'],161.8
175,189,197,-6.226105676767395,106.81281989787429,['secondary'],165.4
176,219,241,-6.2066064423048415,106.82977421316482,['secondary'],167.1
177,377,139,-6.2480627873986085,106.80639953675723,['primary'],167.1
178,512,130,-6.221921695313981,106.78425171772884,['primary'],169.5
179,192,195,-6.227172097928184,106.80601995333346,['secondary'],169.6
180,209,212,-6.274343460714884,106.77392521054588,['secondary'],170.3
181,19,23,-6.2426959643726,106.84307788842816,['trunk'],170.4
182,49,51,-6.288045452326948,106.7773332266828,['trunk'],171.2
183,212,209,-6.274316616635108,106.77388052396698,['secondary'],171.7
184,324,331,-6.235195475139254,106.7851057021946,['trunk'],171.7
185,236,448,-6.240600462684386,106.83427657472924,['motorway_link'],171.7
186,117,362,-6.2408105682435275,106.80739264221548,['secondary'],173.2
187,362,117,-6.2408105682435275,106.80739264221548,['secondary'],173.2
188,173,368,-6.292130371288959,106.80987315864468,['motorway'],173.7
189,172,174,-6.292434805231432,106.80202855430741,['motorway'],173.9
190,470,471,-6.255814574083707,106.85297819107656,['primary_link'],175.1
191,429,470,-6.255955032177077,106.85455293561779,['primary_link'],175.5
192,49,47,-6.288762633429965,106.7786995109141,['trunk'],176.9
193,195,192,-6.227134396643607,106.80595648907652,['secondary'],177.5
194,416,412,-6.2859547574641494,106.84388367810467,['primary'],177.9
195,274,275,-6.225505138140924,106.85666125830782,['primary'],178.2
196,343,341,-6.225916687592148,106.83290201212105,['primary'],179.9
197,262,222,-6.203721528552868,106.82300632889236,['primary'],180.2
198,205,438,-6.3442456883146034,106.8040896349183,['secondary'],181.6
199,438,205,-6.344233707351108,106.80404150978255,['secondary'],181.7
200,136,140,-6.244658416790451,106.80506029644626,['secondary'],182.0
201,231,109,-6.239000157965452,106.82601173868989,['primary_link'],182.6
202,140,136,-6.244711115627536,106.80510851321885,['secondary'],183.2
203,296,260,-6.2457625225407645,106.7828360775439,['secondary'],183.3
204,341,343,-6.226382696899522,106.83319758305502,['primary'],183.3
205,114,113,-6.239439143154872,106.80646575874422,['primary'],184.3
206,268,107,-6.239373602434212,106.82607362062492,['primary'],185.4
207,260,296,-6.245889003347937,106.78284627728982,['secondary'],186.3
208,185,237,-6.2387997749384825,106.81410577435729,['primary'],189.9
209,380,377,-6.249215096653957,106.80751475677201,['primary'],190.4
210,109,80,-6.237471513976076,106.82670368669963,['primary'],191.2
211,188,248,-6.221968423744326,106.81389140792665,['trunk'],191.9
212,19,21,-6.243269193006625,106.84236339981857,['trunk'],193.9
213,432,433,-6.272686957876532,106.76584556354402,['secondary'],194.6
214,433,432,-6.272686957876532,106.76584556354402,['secondary'],194.6
215,457,297,-6.239681293974418,106.78273589234041,['secondary'],194.9
216,115,120,-6.239024238825884,106.80229215080577,['primary'],195.5
217,297,329,-6.237757529861285,106.78326247657198,['secondary'],195.6
218,296,293,-6.246733664108988,106.78161632817928,['trunk'],197.3
219,194,190,-6.225727170253394,106.80827082874025,['secondary'],197.4
220,236,447,-6.240575794614477,106.83441203173776,['primary'],198.0
221,372,373,-6.278816763190504,106.807824457055,['primary'],198.0
222,404,477,-6.264346827705689,106.75683736362032,['secondary'],198.1
223,163,115,-6.2390087195818635,106.80248352404705,['primary'],198.5
224,113,114,-6.2393153348196515,106.80646717612905,['primary'],199.7
225,480,462,-6.236562919383454,106.75366682837537,['primary'],199.8
226,331,324,-6.235017859892655,106.78504410976457,['trunk'],200.3
227,329,331,-6.236407461259632,106.78399651899336,['trunk'],200.3
228,87,89,-6.229737652387317,106.84709989930252,['primary'],200.9
229,278,503,-6.289337885209036,106.77425531000127,['trunk'],201.2
230,382,380,-6.24885361741819,106.80748644363369,['primary'],201.3
231,412,413,-6.285975402693743,106.84409555875283,['primary'],201.9
232,341,342,-6.225537988073066,106.8338980296275,['primary_link'],202.4
233,495,251,-6.220313568331407,106.81326691700214,['trunk'],202.8
234,253,198,-6.221798588223439,106.80966788474356,['trunk_link'],203.4
235,369,62,-6.291972655735847,106.81539730113855,['trunk'],203.5
236,269,81,-6.237632703190928,106.82906773702264,['trunk'],203.7
237,26,355,-6.306955909189901,106.83928074014915,['primary'],203.7
238,269,80,-6.237334449788591,106.82762436792451,['trunk'],204.5
239,462,480,-6.236671933253401,106.75369263994291,['primary'],204.8
240,60,38,-6.2927192488582975,106.8035185016169,['primary'],205.8
241,172,58,-6.292207577609766,106.80330545862947,['motorway_link'],205.8
242,485,213,-6.2731429905489895,106.77175927633982,['secondary'],206.4
243,132,498,-6.2202352017106906,106.78112613336309,['primary'],206.5
244,89,87,-6.229778828526627,106.84720855453529,['primary'],206.9
245,213,485,-6.273192256838672,106.7717597920617,['secondary'],206.9
246,222,262,-6.203648945391771,106.82308043692416,['primary'],207.1
247,143,192,-6.226926463580573,106.80720388382306,['secondary'],207.6
248,256,197,-6.225726977062453,106.8113612327655,['secondary_link'],208.1
249,334,341,-6.225671297622011,106.83205491436749,['primary_link'],209.6
250,434,433,-6.272709162436914,106.76754178647796,['secondary'],209.9
251,317,428,-6.27181084590362,106.84791046592662,['secondary'],210.3
252,255,188,-6.223427289273841,106.81496365475137,['motorway_link'],210.5
253,73,75,-6.30405739131361,106.84868673092643,['motorway_link'],211.2
254,250,253,-6.220893806632471,106.81124862387472,['trunk_link'],211.3
255,55,444,-6.291768996975585,106.78445066773466,['motorway'],211.7
256,237,277,-6.238984200910636,106.81230384652673,['primary'],212.1
257,145,148,-6.246399869429675,106.79289298174783,['secondary'],212.7
258,148,145,-6.246399869429675,106.79289298174783,['secondary'],212.7
259,80,269,-6.236910259049928,106.82789606936217,['trunk'],214.1
260,460,462,-6.235991772751862,106.75530708650204,['primary'],214.3
261,132,496,-6.219531640030057,106.7794778325532,['primary'],214.7
262,433,434,-6.272650562245603,106.76751989905124,['secondary'],215.8
263,19,22,-6.242612718678845,106.84311024212502,['trunk_link'],216.5
264,331,329,-6.236588798955699,106.78407785543772,['trunk'],216.6
265,191,198,-6.222742978646961,106.80905351642879,['secondary'],217.2
266,462,460,-6.235856131600039,106.75526686264257,['primary'],218.2
267,316,472,-6.255539004386284,106.84626020590706,['primary'],218.3
268,198,199,-6.2226494541255395,106.80929894318612,['secondary'],219.2
269,414,412,-6.2851603039379,106.84310767253304,['secondary'],219.9
270,273,274,-6.225973473532599,106.8581757978167,['secondary'],220.5
271,428,317,-6.271880926562046,106.84794532237203,['secondary'],220.8
272,477,404,-6.264436154791548,106.75692633023952,['secondary'],220.9
273,217,219,-6.20558390706287,106.82995461591672,['secondary'],221.2
274,115,119,-6.2408756964684775,106.80256071779235,['primary'],221.5
275,229,107,-6.241116591361144,106.82562364017417,['primary'],222.0
276,472,316,-6.255660680781401,106.84626020658533,['primary'],222.4
277,440,459,-6.242043408830509,106.75883109477788,['motorway_link'],223.4
278,329,297,-6.238231657086368,106.78348313731738,['trunk_link'],223.7
279,218,222,-6.20335753065262,106.82416986374866,['primary'],224.2
280,107,109,-6.239156897359782,106.8258834226499,['primary'],224.4
281,476,477,-6.262477415209466,106.75660851621356,['secondary'],224.7
282,477,476,-6.262477415209466,106.75660851621356,['secondary'],224.7
283,107,110,-6.241151083569776,106.82584585083701,['primary'],224.8
284,166,164,-6.230743858031994,106.8098278743395,['secondary'],226.0
285,138,115,-6.240904195347012,106.80232022004556,['primary'],227.4
286,427,429,-6.256760925350126,106.85464056101209,['secondary'],227.5
287,429,427,-6.256760925350126,106.85464056101209,['secondary'],227.5
288,293,296,-6.246568757195465,106.78151651151495,['trunk'],227.8
289,301,297,-6.239299948613901,106.78387823814742,['trunk_link'],228.2
290,395,296,-6.244982212547063,106.78228071367887,['trunk'],228.3
291,192,193,-6.2257540823882245,106.80580505482776,['secondary'],228.6
292,193,192,-6.2257540823882245,106.80580505482776,['secondary'],228.6
293,130,131,-6.222363426140174,106.78575772314285,['secondary'],228.7
294,406,170,-6.266802604079752,106.7837525652801,['trunk'],228.8
295,49,52,-6.289036009798307,106.77707218920008,['trunk'],230.3
296,257,154,-6.240940686685447,106.78868460026918,['primary'],230.5
297,511,335,-6.225242434955106,106.86247614963058,['primary'],230.6
298,164,166,-6.230683479963865,106.80974517436404,['secondary'],231.0
299,232,314,-6.254516229938067,106.84272032767088,['primary'],231.1
300,341,332,-6.225951306262018,106.83212046236414,['primary_link'],231.3
301,298,300,-6.237443849873455,106.78061172650052,['secondary'],231.8
302,242,517,-6.207296345090761,106.82942874660489,['primary'],232.0
303,234,107,-6.240233813529561,106.82680749357017,['primary'],232.0
304,313,83,-6.243424724197868,106.85019040327603,['motorway_link'],232.2
305,151,128,-6.241740151468627,106.79263748621267,['primary'],232.6
306,466,439,-6.240297565784646,106.75814630728235,['motorway_link'],233.3
307,170,171,-6.26678320284724,106.78354315032512,['trunk'],233.5
308,16,17,-6.302471265943233,106.8397106913795,['primary'],233.8
309,348,341,-6.225905469051737,106.83390410040244,['primary_link'],234.0
310,335,336,-6.225497413755869,106.86039591757137,['primary'],234.7
311,449,468,-6.242987619934312,106.86002892480587,['motorway_link'],235.1
312,318,412,-6.2842295075178844,106.8444536662611,['primary'],235.5
313,80,268,-6.2376575979483,106.8268848304052,['primary'],235.7
314,397,208,-6.262570100952538,106.78329555453253,['trunk'],237.5
315,212,435,-6.275964929376668,106.77319882916962,['secondary'],237.6
316,435,212,-6.275947365980347,106.77315137860334,['secondary'],238.3
317,296,398,-6.244986423404459,106.78210044193794,['trunk'],240.1
318,314,232,-6.2545482301649225,106.84266734957504,['primary'],240.4
319,190,191,-6.224650518918937,106.80907967707606,['secondary'],240.5
320,147,151,-6.243090918964393,106.79169315933241,['secondary'],241.1
321,151,147,-6.243090918964393,106.79169315933241,['secondary'],241.1
322,393,391,-6.237953703869774,106.76301692701313,['primary'],241.1
323,208,405,-6.2627327806536774,106.78311914681925,['trunk'],241.3
324,116,164,-6.230963581971986,106.80859560573,['secondary'],241.4
325,247,269,-6.238138310389999,106.82889476943879,['trunk'],241.4
326,146,145,-6.2466002254995265,106.79086128825185,['secondary'],241.8
327,145,146,-6.2466002254995265,106.79086128825185,['secondary'],241.8
328,107,108,-6.240010447914524,106.8268315628397,['primary'],242.0
329,394,298,-6.238338193178031,106.7798685137045,['primary_link'],242.4
330,297,328,-6.239109865066601,106.78401898183081,['trunk_link'],242.5
331,196,122,-6.2290734365204266,106.80105137405245,['primary'],242.5
332,126,127,-6.238900894414076,106.79836731905094,['primary'],243.0
333,131,130,-6.222499122003885,106.78580684594274,['secondary'],243.7
334,154,156,-6.240100639639858,106.78685525315933,['primary'],244.3
335,489,249,-6.220613410538673,106.81202520851416,['trunk_link'],244.4
336,197,186,-6.227079447806725,106.81147825956775,['secondary'],244.5
337,239,217,-6.205691840484248,106.8298447359688,['secondary'],247.0
338,208,406,-6.264650712294754,106.78374903070316,['trunk'],247.4
339,45,47,-6.290127179152153,106.77954485969904,['trunk'],247.8
340,125,126,-6.2388212181146825,106.79851458813494,['primary'],248.0
341,346,274,-6.2251071667424664,106.8564817390441,['primary'],249.4
342,171,208,-6.264588465139687,106.78347719937085,['trunk'],252.3
343,256,186,-6.226710870336802,106.81059089783443,['secondary'],252.4
344,262,221,-6.204428734963089,106.82385007683457,['primary'],253.2
345,293,295,-6.248693794709485,106.78133588435504,['trunk'],253.3
346,336,338,-6.2252298216880595,106.86047539609795,['primary'],255.2
347,510,504,-6.233003509672562,106.78031365139623,['primary'],255.9
348,504,510,-6.2330079763596435,106.78023385997372,['primary'],256.2
349,316,314,-6.255611577561523,106.84421385690234,['primary'],256.9
350,168,49,-6.287791724898396,106.77904087589738,['trunk'],257.2
351,295,293,-6.248687351557936,106.78116301269749,['trunk'],257.8
352,314,316,-6.255516303887015,106.84422677039022,['primary'],258.1
353,229,231,-6.240951925648883,106.82570996551418,['primary'],259.2
354,496,132,-6.21933575470202,106.77936624255467,['primary'],259.4
355,24,27,-6.302942291887971,106.84140442899371,['trunk_link'],260.5
356,473,474,-6.255565471993021,106.85326630055309,['primary_link'],260.9
357,412,414,-6.285214383123125,106.84329595932162,['secondary'],261.0
358,217,220,-6.204740767952408,106.83108407667902,['primary'],261.6
359,333,179,-6.22463978331831,106.82722902707128,['primary'],261.7
360,220,217,-6.204885753725483,106.83106806149355,['primary'],262.3
361,199,256,-6.224336750237643,106.81065971926708,['secondary'],263.6
362,80,270,-6.2357910463954775,106.82777089753088,['primary'],263.6
363,16,18,-6.302868484251162,106.83822827676443,['trunk_link'],263.7
364,256,190,-6.225796846154185,106.80997376796728,['secondary'],263.8
365,485,434,-6.272900395538717,106.76966932965368,['secondary'],264.1
366,434,485,-6.272900395538717,106.76966932965368,['secondary'],264.1
367,107,111,-6.240203021597659,106.82458595452357,['primary'],264.1
368,42,41,-6.293354695806937,106.79512355728697,['secondary'],264.4
369,186,166,-6.22870489482944,106.81048429131346,['secondary'],264.4
370,108,112,-6.240135559016942,106.82911316358272,['primary'],264.6
371,298,299,-6.238507914880129,106.77981310249052,['primary_link'],264.8
372,391,393,-6.238103679058846,106.76310187521247,['primary'],265.6
373,489,253,-6.220429884184868,106.81128322756197,['primary'],266.3
374,14,15,-6.307912750597036,106.83859751518013,['primary'],266.5
375,143,142,-6.228259666273367,106.80803684229228,['secondary'],266.9
376,516,483,-6.236322060197565,106.74590771183308,['primary'],268.1
377,182,183,-6.232718135788644,106.83190227214298,['primary'],269.4
378,21,227,-6.242463353363273,106.84043980911486,['motorway_link'],269.8
379,154,157,-6.239868538660688,106.78681449019835,['primary'],271.8
380,41,42,-6.29331679159099,106.79522947988575,['secondary'],272.8
381,360,80,-6.236052814395409,106.82793628624141,['primary'],274.3
382,77,79,-6.2300065394054025,106.81982218851729,['motorway_link'],274.5
383,290,293,-6.247467004493671,106.78018330296892,['secondary'],275.2
384,56,57,-6.291932938844799,106.80346994807131,['primary'],276.3
385,208,207,-6.26421445762128,106.7827035836404,['secondary'],277.8
386,366,364,-6.313425898707113,106.79361456617613,['secondary'],278.3
387,327,329,-6.237990700524026,106.78323142954794,['trunk_link'],278.8
388,92,359,-6.2135490712864705,106.84395640623656,['primary'],278.9
389,74,75,-6.304128424007479,106.84836606338997,['motorway'],279.4
390,179,181,-6.223939691394568,106.82496225425122,['primary'],280.4
391,47,50,-6.289662568626333,106.77973095856845,['trunk'],280.7
392,59,376,-6.287830720841228,106.8069390775722,['primary'],280.7
393,46,302,-6.292366708351209,106.78991411241864,['motorway_link'],280.8
394,448,82,-6.241133617961704,106.83624982408293,['motorway_link'],281.0
395,420,490,-6.209534045224905,106.8307774975546,['secondary'],281.1
396,207,208,-6.264125440105824,106.78262624832068,['secondary'],281.1
397,279,280,-6.2820094453344035,106.77300617419945,['trunk'],281.3
398,364,366,-6.313442831216862,106.79367062641607,['secondary'],282.3
399,41,44,-6.292005906768226,106.79599703839678,['trunk'],283.1
400,6,9,-6.324483336525509,106.8340413359796,['primary'],283.1
401,142,143,-6.228222985063543,106.80793058817527,['secondary'],283.1
402,490,420,-6.209520497884517,106.83084004780937,['secondary'],283.5
403,83,84,-6.243629898495183,106.84786358859456,['trunk'],285.0
404,154,155,-6.241878138508583,106.78780272005525,['secondary'],285.0
405,322,320,-6.223401900909651,106.79147332114425,['trunk_link'],285.9
406,187,189,-6.22442987372061,106.81366587510685,['secondary'],287.1
407,246,235,-6.24010788854013,106.83219393823651,['motorway_link'],287.2
408,376,441,-6.287867994567262,106.807020721595,['primary'],288.0
409,155,154,-6.241884338414152,106.7877371582238,['secondary'],288.1
410,9,13,-6.3225022564098845,106.83562803918433,['primary_link'],288.4
411,25,417,-6.294202191019571,106.84106108265149,['primary'],288.5
412,475,429,-6.256839697863464,106.85643546532718,['primary_link'],290.0
413,70,24,-6.303479538020994,106.84150671230918,['trunk_link'],290.2
414,56,58,-6.292108279852812,106.80294845298859,['motorway_link'],290.6
415,17,24,-6.301837331794264,106.84014238583725,['primary'],290.6
416,297,330,-6.239716820370208,106.78314683204933,['trunk_link'],290.7
417,257,151,-6.241774170320698,106.79039789835595,['primary'],291.4
418,149,145,-6.2479102013585655,106.7920180376012,['secondary'],291.6
419,145,149,-6.2479102013585655,106.7920180376012,['secondary'],291.6
420,0,1,-6.345545995759492,106.83302161389015,['primary'],292.3
421,294,298,-6.239809002528161,106.78075715628454,['secondary'],292.4
422,226,19,-6.242446918906179,106.84225546460665,['trunk'],293.0
423,402,431,-6.270003817959279,106.76540714002886,['secondary'],293.1
424,412,411,-6.283871463320198,106.84430037756935,['primary'],293.9
425,320,322,-6.223539358940276,106.79147473694525,['trunk_link'],296.0
426,71,16,-6.302196282416897,106.83844918720175,['trunk_link'],296.4
427,173,36,-6.292450579615624,106.8081449992881,['motorway_link'],296.9
428,429,469,-6.256580131444012,106.85655218837906,['primary_link'],299.4
429,271,261,-6.233849551760608,106.8225593664836,['motorway_link'],299.4
430,254,250,-6.219784210988871,106.81263760738535,['trunk_link'],300.7
431,106,107,-6.239953455767801,106.82446707567689,['primary'],301.1
432,409,279,-6.2823105752356145,106.77257006183699,['trunk'],301.5
433,327,328,-6.239137472158002,106.78376178950212,['primary'],301.7
434,36,39,-6.292891823349822,106.80556355743597,['motorway_link'],302.6
435,272,448,-6.2404803263254855,106.83367904433375,['motorway_link'],306.0
436,452,453,-6.314792857568409,106.7912924978754,['secondary'],306.4
437,151,257,-6.241906934290751,106.79031516033541,['primary'],308.4
438,283,285,-6.2891654,106.77082502685646,['trunk'],308.4
439,244,220,-6.205217348801391,106.83350660907675,['primary'],310.5
440,220,244,-6.205083484365133,106.83352318005807,['primary'],311.5
441,431,402,-6.270092069752703,106.76544907231126,['secondary'],311.6
442,461,455,-6.251735755458895,106.7637034965729,['motorway'],312.0
443,418,17,-6.299749220461987,106.84035713484568,['primary'],312.4
444,497,515,-6.2216450119422015,106.7785391014908,['primary'],313.0
445,136,139,-6.246357995583061,106.80526930213396,['primary'],313.4
446,232,20,-6.2521468866663,106.84251346176865,['primary'],314.1
447,392,500,-6.2377698482970185,106.76644284470359,['primary'],314.2
448,500,392,-6.237909124450238,106.76643478482112,['primary'],314.7
449,20,232,-6.252148697393537,106.8425752889843,['primary'],314.9
450,43,384,-6.284194586640368,106.79590747702815,['primary'],315.3
451,384,43,-6.284207830441521,106.79600266845566,['primary'],315.4
452,382,383,-6.2492122013415745,106.8078190058318,['primary_link'],316.4
453,82,446,-6.2418275481416075,106.83886048680986,['motorway'],316.6
454,169,206,-6.275110870243778,106.77633790561822,['secondary'],317.3
455,164,165,-6.232184662534494,106.81080366196962,['secondary'],318.3
456,360,361,-6.2361498641354896,106.82776991937722,['primary'],318.5
457,478,309,-6.258051856520726,106.76652340329466,['secondary'],320.0
458,270,182,-6.234256205611931,106.8298534571771,['primary'],320.5
459,518,254,-6.218406693705735,106.81428602379599,['trunk_link'],320.7
460,23,76,-6.24319027021519,106.84542711683213,['trunk'],321.7
461,94,90,-6.2143727997867,106.8443225580583,['primary'],322.3
462,223,225,-6.243136249013795,106.84972373203342,['motorway_link'],322.6
463,157,276,-6.237362216639649,106.78698218867834,['primary'],323.8
464,204,64,-6.304335110012443,106.82085087118503,['secondary'],324.7
465,206,169,-6.275039088049294,106.7763935651158,['secondary'],325.1
466,145,147,-6.245133530302518,106.7918705914453,['secondary'],325.3
467,147,145,-6.245133530302518,106.7918705914453,['secondary'],325.3
468,64,204,-6.304345789631689,106.82091186462183,['secondary'],325.6
469,272,447,-6.240317032089443,106.8338740217432,['trunk'],325.9
470,378,379,-6.2721250644761115,106.80866616304348,['primary'],326.8
471,139,136,-6.2464120264316305,106.80516201013857,['primary'],327.8
472,379,378,-6.272126302523742,106.80880868962106,['primary'],328.3
473,80,267,-6.236045705833303,106.82565033843758,['trunk'],329.1
474,280,305,-6.284169269044356,106.77468687632273,['motorway_link'],330.2
475,78,80,-6.235608603018648,106.82596390663272,['trunk'],330.3
476,364,365,-6.310747547771516,106.79367732835935,['secondary'],330.6
477,118,126,-6.239964165911531,106.7999885732664,['primary'],333.0
478,40,41,-6.292474357841977,106.79625005507096,['trunk'],334.1
479,73,68,-6.304009496537789,106.84926713466024,['trunk'],334.3
480,308,312,-6.254658745538137,106.76463579419698,['motorway'],334.5
481,126,118,-6.239796746014926,106.79997173649609,['primary'],334.5
482,330,395,-6.2425057205354335,106.78278505434571,['trunk'],334.8
483,370,57,-6.290925731285595,106.80529973006539,['primary'],335.2
484,35,36,-6.292528827393113,106.80831405839933,['motorway_link'],335.4
485,362,140,-6.2428839071537015,106.80654647929535,['secondary'],336.0
486,140,362,-6.2428839071537015,106.80654647929535,['secondary'],336.0
487,424,388,-6.256302633999538,106.79714754200683,['primary'],337.6
488,266,181,-6.222887111563637,106.82266416173555,['primary'],338.2
489,35,37,-6.2927221314162844,106.80762841347388,['trunk_link'],338.4
490,333,334,-6.22513531384011,106.82964230037493,['primary'],339.2
491,387,386,-6.299328574537776,106.7947772335598,['secondary'],340.0
492,386,387,-6.299328574537776,106.7947772335598,['secondary'],340.0
493,21,85,-6.242518751245702,106.84007195472117,['trunk'],340.9
494,176,65,-6.300746549240764,106.83535796403086,['motorway_link'],341.0
495,181,266,-6.2231080130974865,106.82253522041248,['primary'],343.5
496,25,418,-6.296798311919325,106.84068902973249,['primary'],344.6
497,332,333,-6.225374261981835,106.82958744999452,['primary'],344.7
498,216,214,-6.219922702595627,106.83360399551239,['secondary'],345.7
499,287,288,-6.255030952570984,106.77749077872707,['secondary'],346.2
500,324,329,-6.2358601441804575,106.78439975278671,['trunk'],346.4
501,329,324,-6.2358601441804575,106.78439975278671,['trunk'],346.4
502,24,26,-6.3045044690101815,106.83970869181879,['primary'],346.8
503,81,272,-6.2389745232867355,106.83116430598105,['trunk'],347.9
504,243,216,-6.219080894686975,106.83147250404755,['primary'],348.1
505,370,371,-6.291313794153761,106.8063800155816,['trunk_link'],348.8
506,214,216,-6.220013483807714,106.83365079895476,['secondary'],349.6
507,355,356,-6.309344918612793,106.8388777541026,['primary'],351.6
508,455,456,-6.254512286653934,106.76475462032697,['motorway'],352.2
509,150,147,-6.244470601291886,106.78998584564201,['secondary'],355.0
510,446,19,-6.242490958937654,106.84182015091807,['motorway_link'],355.4
511,98,244,-6.2056269845652565,106.83637616193461,['primary'],355.5
512,120,123,-6.236600486320953,106.80178764142511,['primary'],356.2
513,123,163,-6.236584866357424,106.80187748295,['primary'],358.9
514,244,98,-6.205507486697781,106.83641321709486,['primary'],359.5
515,367,102,-6.277785855270513,106.82998451503947,['primary'],360.8
516,375,385,-6.275516781226508,106.79766536014903,['primary'],361.5
517,385,375,-6.27553207533057,106.79778707203582,['primary'],363.8
518,112,236,-6.239969933155089,106.83195636320636,['primary'],367.9
519,102,103,-6.277805980235222,106.83015168163553,['primary'],368.7
520,115,113,-6.239815260593441,106.80408848200187,['primary'],369.9
521,354,351,-6.300070819598317,106.77672661229889,['secondary'],370.7
522,351,354,-6.300070819598317,106.77672661229889,['secondary'],370.7
523,386,42,-6.296136447933988,106.7950195311431,['secondary'],371.4
524,42,386,-6.2961421587103725,106.79508686080598,['secondary'],373.0
525,482,69,-6.304077056381229,106.84540839280962,['motorway_link'],373.5
526,72,74,-6.303735402358625,106.84543684930746,['motorway_link'],374.7
527,450,451,-6.2432987146806385,106.85924761616106,['motorway_link'],375.0
528,28,421,-6.30095554322326,106.8350416543795,['motorway_link'],375.3
529,50,54,-6.290841895242398,106.78243978755702,['motorway_link'],375.3
530,400,440,-6.2393769167023265,106.75846495313257,['motorway_link'],375.8
531,113,115,-6.239937648027268,106.80412839700709,['primary'],375.9
532,361,107,-6.238847883078403,106.8261975380816,['primary'],376.4
533,264,518,-6.21628687975454,106.81653591218492,['primary'],376.8
534,518,495,-6.21840105501865,106.81385484274455,['primary'],379.3
535,84,19,-6.243638968494024,106.84486426181445,['trunk'],379.8
536,398,457,-6.242261430071192,106.78266284261058,['trunk'],380.9
537,363,364,-6.312041629512496,106.79487272736488,['secondary'],381.2
538,67,175,-6.294325095321892,106.82339610087972,['motorway'],384.5
539,302,55,-6.2922744977757645,106.78692945998829,['motorway'],384.8
540,160,162,-6.232991176135679,106.7958212008565,['primary'],385.2
541,162,160,-6.232991176135679,106.7958212008565,['primary'],385.2
542,493,60,-6.294291365690509,106.8047173296733,['motorway_link'],386.8
543,233,234,-6.240244594765986,106.82960284375484,['primary'],387.0
544,174,40,-6.2924906655252775,106.79950591830082,['motorway_link'],387.5
545,178,180,-6.228301814764104,106.82763462356975,['secondary'],388.1
546,323,133,-6.227441630144679,106.79023077654176,['trunk_link'],388.3
547,515,508,-6.224811457994533,106.7785051709825,['primary'],389.6
548,180,178,-6.229282944224999,106.82562495164251,['secondary'],389.7
549,307,309,-6.260195824766037,106.7677608363319,['secondary'],391.3
550,309,307,-6.260195824766037,106.7677608363319,['secondary'],391.3
551,163,119,-6.23990929502011,106.8024765692843,['primary'],392.1
552,279,282,-6.27934271233078,106.7724060166033,['secondary'],394.8
553,282,279,-6.279353801075526,106.77245515010746,['secondary'],395.0
554,265,266,-6.220738171505292,106.82066586334395,['primary'],396.4
555,294,297,-6.239653960998979,106.78171434879991,['secondary'],396.4
556,41,46,-6.292382589309946,106.79297452191666,['motorway_link'],396.5
557,179,178,-6.226155130354552,106.82594441788612,['secondary'],398.3
558,322,323,-6.2248812151201935,106.7894718456686,['trunk_link' 'trunk'],405.0
559,403,401,-6.270078142087275,106.75503387702781,['secondary'],405.4
560,159,160,-6.231158869459889,106.79756885239135,['primary'],409.7
561,444,45,-6.290973776445233,106.78176580912326,['motorway_link'],409.8
562,152,134,-6.245788307753511,106.79614966098428,['secondary'],410.1
563,55,443,-6.292128136910542,106.78708729224275,['motorway'],410.8
564,325,323,-6.227765909587616,106.7900379335504,['trunk_link'],412.4
565,178,179,-6.22615104088697,106.82585547826982,['secondary'],412.4
566,394,327,-6.238565822311434,106.78060464289177,['primary'],412.6
567,57,59,-6.290469244469639,106.80532147755113,['primary'],413.4
568,266,265,-6.220906314116143,106.82046723020113,['primary'],413.8
569,334,342,-6.225780421358961,106.8329585194633,['primary'],414.7
570,318,413,-6.285024800800042,106.8442487226727,['primary'],415.0
571,48,45,-6.292453505576005,106.78016018685021,['secondary'],416.5
572,445,409,-6.284784161814387,106.77467483913168,['motorway_link'],419.2
573,15,16,-6.304923292319326,106.83931525807807,['primary'],420.2
574,138,120,-6.240028274693739,106.80241352913963,['primary'],420.9
575,501,496,-6.217370004084482,106.77821361690577,['primary'],421.3
576,368,369,-6.2919654862062,106.8125638506274,['motorway_link'],423.4
577,437,387,-6.302762007676194,106.79458386174075,['secondary'],424.3
578,387,437,-6.302769280861413,106.79463505774635,['secondary'],425.3
579,33,67,-6.2941205192590175,106.8232997021781,['motorway'],425.4
580,329,330,-6.2391066228333,106.78319557232719,['trunk'],425.5
581,356,494,-6.312753262585425,106.8382923531367,['primary'],429.0
582,348,332,-6.225855165891121,106.8330286597622,['primary'],429.0
583,439,460,-6.2374446817063935,106.75723517884917,['primary'],432.9
584,104,100,-6.261619605583919,106.82937639317325,['primary'],433.7
585,215,214,-6.217976622538621,106.83616848675098,['secondary'],433.8
586,214,215,-6.2176675756439295,106.8355354618454,['secondary'],436.3
587,297,292,-6.240044263118186,106.7816429117392,['secondary'],442.3
588,374,378,-6.275462662946094,106.80845830309332,['primary'],442.5
589,72,73,-6.3036933196329485,106.84576260429078,['trunk'],444.1
590,411,101,-6.2806150297060395,106.84495841490359,['primary'],444.7
591,331,276,-6.236028123312775,106.78649145847702,['primary'],445.7
592,45,48,-6.292354582297134,106.78032810339303,['secondary'],447.9
593,347,348,-6.22553331695516,106.83696369354604,['primary'],448.1
594,175,66,-6.293021343406963,106.81985300466611,['motorway_link'],451.4
595,277,114,-6.239059787843277,106.80923425292517,['primary'],452.5
596,359,97,-6.210461403907582,106.84514058886268,['primary' 'primary_link'],453.3
597,389,385,-6.271888413749567,106.79764023757029,['primary'],453.7
598,385,389,-6.2718978493057564,106.79752581309786,['primary'],454.2
599,240,242,-6.210264882777397,106.83026028856366,['primary'],455.4
600,136,138,-6.243736668748587,106.80314020842809,['primary'],455.5
601,291,288,-6.253311768545946,106.77560380739904,['secondary'],457.0
602,288,291,-6.253311768545946,106.77560380739904,['secondary'],457.0
603,345,346,-6.224524631862954,106.8533433513429,['primary'],458.5
604,119,136,-6.243557284958818,106.80318315854696,['primary'],465.6
605,303,304,-6.275612510261116,106.76818198347831,['motorway_link'],467.7
606,30,33,-6.292558715850031,106.81957170774919,['motorway_link'],470.1
607,137,129,-6.242810893926387,106.79822700633773,['primary'],470.8
608,168,52,-6.288328915890609,106.77822806079904,['trunk'],471.2
609,171,405,-6.26361414549452,106.78353565016693,['trunk'],471.7
610,416,411,-6.284678957654714,106.84424071809707,['primary'],472.8
611,129,137,-6.242811552687429,106.79838671904648,['primary'],473.5
612,56,37,-6.29206198934324,106.80439974719683,['trunk'],479.7
613,397,406,-6.2636159201149475,106.78361815957594,['trunk'],480.2
614,436,287,-6.256389706514371,106.77955342941131,['secondary'],480.9
615,381,139,-6.245852247760869,106.80741267336681,['secondary'],482.2
616,326,130,-6.224060754489277,106.7862629074186,['primary'],482.2
617,139,381,-6.245776708194889,106.80740877467017,['secondary'],483.4
618,224,468,-6.242914112385718,106.85890281442116,['trunk'],483.8
619,506,505,-6.307001681794317,106.78158353421202,['secondary'],492.0
620,234,111,-6.240146485118035,106.8256214158309,['primary'],494.6
621,505,506,-6.306996921305797,106.78168693223557,['secondary'],496.1
622,34,177,-6.292313465814179,106.81270839945613,['motorway_link'],497.3
623,251,252,-6.222947385078058,106.81501884151047,['motorway_link'],497.5
624,300,331,-6.236045745022293,106.78269011903913,['primary'],502.2
625,197,187,-6.2249298899180845,106.81287223352568,['secondary' 'secondary_link'],504.6
626,289,287,-6.258858464168264,106.77756077529139,['secondary'],505.0
627,458,460,-6.233849868136163,106.75549849847532,['motorway_link'],505.2
628,428,426,-6.268900449751998,106.84919877141715,['secondary'],507.8
629,426,428,-6.268921142529202,106.84924040131689,['secondary'],507.9
630,198,193,-6.223572666231625,106.80697928084005,['primary'],509.9
631,287,289,-6.258906686266904,106.77761914129134,['secondary'],514.2
632,93,94,-6.2112579027326715,106.84645240970939,['primary'],514.5
633,312,464,-6.251545683098308,106.76276986760004,['motorway_link'],515.6
634,484,483,-6.236582730632662,106.74941226305911,['primary'],516.2
635,483,484,-6.236486721142191,106.74942344742793,['primary'],516.5
636,342,344,-6.225260560462337,106.8371561684375,['primary'],521.9
637,32,66,-6.2932263299818665,106.82015172669733,['trunk'],523.0
638,307,310,-6.2636503364059255,106.76796038296716,['motorway_link'],523.0
639,121,122,-6.231569610607452,106.80061539625581,['primary'],527.2
640,403,404,-6.2670619301476815,106.755395134361,['secondary'],529.5
641,404,403,-6.2670619301476815,106.755395134361,['secondary'],529.5
642,106,108,-6.240089631556191,106.82551957846275,['primary'],530.1
643,181,333,-6.224031605570045,106.82615287931756,['primary'],530.6
644,365,437,-6.306884703638385,106.79361420086634,['secondary'],531.6
645,437,365,-6.306884703638385,106.79361420086634,['secondary'],531.6
646,161,122,-6.23063511344629,106.79863302590788,['primary'],532.0
647,127,161,-6.235404451203684,106.79836265366873,['primary'],533.3
648,304,279,-6.279290023537961,106.77052610395094,['motorway_link'],534.2
649,38,40,-6.292566910519948,106.8001861307315,['trunk'],536.7
650,183,343,-6.229589738758749,106.8331348707864,['primary'],538.0
651,378,372,-6.275902800191608,106.80856257478806,['primary'],538.5
652,258,259,-6.235350053679678,106.7912257526523,['primary'],538.9
653,217,218,-6.204104675401327,106.82755760545167,['primary'],547.2
654,44,56,-6.2920521440355,106.79975453189931,['trunk'],548.6
655,194,197,-6.225816565966004,106.8098455182765,['secondary'],549.7
656,343,183,-6.229630704401641,106.83336934979808,['primary'],550.8
657,472,473,-6.255575908138485,106.84960569932369,['primary'],551.0
658,22,86,-6.240116315938951,106.84529133684052,['primary'],551.3
659,86,88,-6.240104963540884,106.84537949587575,['primary'],556.6
660,193,196,-6.2263898557694475,106.80312729635182,['primary'],557.7
661,259,258,-6.235331881975179,106.79111110311621,['primary'],557.8
662,471,472,-6.255697110420981,106.84966539173004,['primary'],560.0
663,167,184,-6.235814780777414,106.81380547849984,['secondary'],564.5
664,295,396,-6.247094262872723,106.78143891250579,['trunk'],571.2
665,396,295,-6.247094262872723,106.78143891250579,['trunk'],571.2
666,203,200,-6.316100827758694,106.81412610175879,['secondary'],572.5
667,325,326,-6.227326883922821,106.78972801013877,['primary'],574.0
668,350,352,-6.3017180003809505,106.77375858910762,['secondary'],574.4
669,352,350,-6.3017180003809505,106.77375858910762,['secondary'],574.4
670,460,399,-6.237058776304154,106.75839040510512,['primary'],575.2
671,130,132,-6.221130305946573,106.78254484155302,['primary'],579.2
672,259,257,-6.238704436701525,106.79020939607592,['primary'],579.9
673,30,32,-6.292559900595092,106.82008439784936,['trunk'],582.0
674,275,337,-6.224726286787094,106.85331261589401,['primary'],582.8
675,508,509,-6.229094187264044,106.77878373986545,['primary'],583.3
676,216,341,-6.222970816154649,106.83270871920236,['primary'],586.6
677,44,172,-6.292151725204279,106.79992028121184,['motorway_link'],588.8
678,183,360,-6.23382561415454,106.83106959103881,['primary'],592.6
679,441,39,-6.2915540038983835,106.80559292880235,['motorway_link'],595.9
680,201,203,-6.313315636179689,106.81628352011803,['secondary'],597.5
681,488,172,-6.29306105919258,106.80498400705252,['motorway_link'],598.0
682,150,260,-6.245812939417725,106.78628951144245,['secondary'],600.6
683,202,11,-6.327134480767231,106.81356995410425,['secondary'],606.6
684,11,202,-6.327134480767231,106.81356995410425,['secondary'],606.6
685,260,150,-6.2457217409203265,106.7863017030256,['secondary'],607.1
686,460,463,-6.233462432865857,106.75475260282408,['motorway_link'],608.3
687,180,182,-6.2316980695515145,106.82889626780667,['secondary'],616.2
688,335,275,-6.225531546855557,106.8586574335121,['primary'],617.2
689,408,354,-6.301042696098222,106.7804550492932,['secondary'],617.8
690,306,307,-6.2644453380024165,106.76763636254935,['motorway_link'],618.5
691,182,180,-6.231767929142071,106.82880924077675,['secondary'],620.4
692,10,32,-6.295067263483818,106.82480540741201,['trunk'],620.7
693,71,27,-6.302719819607446,106.83983591523173,['trunk'],621.1
694,417,415,-6.290437930820135,106.84256316419722,['primary'],622.5
695,231,270,-6.237240174127121,106.82696539488909,['primary'],625.0
696,240,243,-6.215013585337408,106.8307246745265,['primary'],626.5
697,319,320,-6.22302197751392,106.78999389947045,['secondary'],630.8
698,320,319,-6.22302197751392,106.78999389947045,['secondary'],630.8
699,6,8,-6.323852814013625,106.83498061811237,['primary'],632.6
700,354,408,-6.300968037289137,106.78052139908868,['secondary'],633.7
701,126,128,-6.239951014829111,106.79562071097332,['primary'],634.0
702,487,493,-6.29878458160614,106.80387183611484,['motorway_link'],634.9
703,312,465,-6.250748847871463,106.76280669894422,['motorway'],638.3
704,243,240,-6.215033625343376,106.83048041746328,['primary'],638.8
705,70,18,-6.30324698236612,106.8399414864097,['trunk'],639.5
706,34,35,-6.292385223523942,106.81203307173091,['trunk'],642.1
707,169,53,-6.279009066805418,106.77798630549843,['secondary'],643.4
708,399,400,-6.2370110959546095,106.75816802409533,['primary'],644.6
709,475,471,-6.25602162258807,106.8550698278891,['primary'],644.7
710,228,104,-6.257026468254176,106.82820228198031,['primary'],647.0
711,443,41,-6.2920354754118035,106.79186395856486,['motorway_link'],647.7
712,290,292,-6.244701361363583,106.78040832555784,['secondary'],648.6
713,51,409,-6.28564350106233,106.77526689996346,['trunk'],648.6
714,447,226,-6.241488423009435,106.83812135821829,['trunk'],648.8
715,5,6,-6.328461168460487,106.8334164192754,['primary'],650.3
716,104,228,-6.2570352528333295,106.82804595037426,['primary'],650.8
717,128,126,-6.239827711206467,106.79558439280477,['primary'],653.4
718,53,169,-6.279073830260709,106.77790623695557,['secondary'],657.3
719,280,51,-6.2852225901301315,106.77577171448623,['trunk'],657.9
720,405,436,-6.2591384759144475,106.78169294155957,['trunk'],659.5
721,473,469,-6.255915284014641,106.8550435031097,['primary'],660.7
722,311,307,-6.264634859318735,106.76626116846181,['secondary'],663.2
723,307,311,-6.264634859318735,106.76626116846181,['secondary'],663.2
724,17,25,-6.298086846700987,106.84016974719596,['primary'],663.4
725,487,488,-6.298678663904968,106.80413207859336,['motorway'],664.9
726,460,440,-6.238139143518092,106.75792856505866,['motorway_link'],666.3
727,456,307,-6.258916889069955,106.76607738094171,['motorway_link'],667.8
728,219,240,-6.20926807962955,106.83037767048603,['primary'],668.8
729,162,159,-6.230947780321697,106.79556901181698,['primary'],669.7
730,307,308,-6.259058187553001,106.76569269553795,['motorway_link'],669.8
731,375,384,-6.279948826788271,106.79686390341169,['primary'],670.5
732,289,211,-6.2629061737926826,106.77520914185203,['secondary'],670.5
733,226,76,-6.242997260813597,106.84387409342182,['trunk'],671.1
734,422,423,-6.334139088582284,106.83277703205405,['secondary'],672.2
735,423,422,-6.334139088582284,106.83277703205405,['secondary'],672.2
736,384,375,-6.2799318377768065,106.79673686606596,['primary'],672.8
737,227,246,-6.241363877899154,106.83632295032282,['motorway'],673.6
738,467,465,-6.251183579623277,106.76173730685265,['motorway_link'],674.3
739,211,289,-6.262868938198048,106.7751431416901,['secondary'],677.1
740,78,81,-6.236566941788104,106.82721340194054,['trunk'],677.4
741,13,8,-6.3236358337092335,106.83522616991831,['primary'],695.5
742,451,313,-6.243242895090101,106.85439058089116,['motorway'],699.1
743,320,321,-6.222023132596364,106.79483335659808,['secondary'],704.8
744,365,363,-6.309995030603217,106.79643443514577,['secondary'],706.8
745,301,299,-6.2388277167109365,106.78177372845758,['primary'],707.2
746,122,123,-6.232003168255647,106.80069481833722,['primary'],709.9
747,247,267,-6.236912654333911,106.82715324045397,['trunk'],712.6
748,346,338,-6.2254520670831335,106.8585290403461,['primary'],713.4
749,230,228,-6.254228054172557,106.83059426288723,['secondary'],716.8
750,228,230,-6.254228054172557,106.83059426288723,['secondary'],716.8
751,35,38,-6.2926517183561215,106.80588084319507,['trunk'],723.2
752,436,295,-6.2528937786367536,106.78158757682525,['trunk'],725.7
753,172,173,-6.292259648374985,106.80582652295604,['motorway'],727.3
754,173,172,-6.292427752268275,106.80583014258536,['motorway'],727.6
755,85,245,-6.241279891039715,106.83535174568472,['trunk'],740.3
756,105,63,-6.2830182141796405,106.82724193204642,['primary'],741.1
757,288,290,-6.250246345276601,106.77816339749245,['secondary'],743.9
758,134,136,-6.245883497954617,106.8012698907971,['secondary'],744.6
759,281,306,-6.270504214655139,106.76823939920796,['motorway'],748.3
760,371,369,-6.291922494231043,106.81108414366761,['trunk'],751.1
761,507,506,-6.312516500493688,106.78146058241553,['secondary'],758.8
762,506,507,-6.312516500493688,106.78146058241553,['secondary'],758.8
763,41,43,-6.288984755067253,106.79535707005482,['primary'],765.0
764,43,41,-6.289008125296125,106.79545173264331,['primary'],767.4
765,461,464,-6.25039244442468,106.76297043919085,['motorway_link'],768.3
766,95,97,-6.207676807048202,106.84299606087738,['primary'],769.5
767,373,376,-6.283114293272694,106.80733776857404,['primary'],770.8
768,53,168,-6.28358634166067,106.780291800887,['trunk'],787.9
769,353,48,-6.296704980942106,106.7775125072867,['secondary'],791.5
770,494,13,-6.318205710675521,106.8373936879599,['primary'],793.0
771,68,69,-6.3043303762864085,106.84729458262792,['trunk'],795.1
772,58,442,-6.291288176785569,106.80528925369359,['motorway_link'],801.5
773,48,353,-6.29679161564174,106.77761183362955,['secondary'],803.4
774,324,325,-6.2324845132139215,106.78830653050397,['trunk'],803.7
775,122,124,-6.2293943639942615,106.80375037854458,['secondary'],814.3
776,124,122,-6.2293943639942615,106.80375037854458,['secondary'],814.3
777,75,481,-6.304538317345404,106.85329423857247,['motorway'],816.6
778,493,59,-6.292298482537783,106.804942985973,['motorway_link'],833.2
779,252,79,-6.227960904703157,106.81832264915863,['motorway'],834.5
780,20,19,-6.247012775308231,106.8427507000087,['primary'],838.1
781,19,20,-6.246992234358993,106.84283335469723,['primary'],842.5
782,208,407,-6.263215320418241,106.78737129722671,['secondary'],842.8
783,310,303,-6.269758622809306,106.76844791561462,['motorway'],849.4
784,407,208,-6.263363796571124,106.78746883877565,['secondary'],856.0
785,225,449,-6.243127409237586,106.85507640644393,['motorway'],861.2
786,465,466,-6.24510790873911,106.75923956100604,['motorway'],866.3
787,238,381,-6.242724124244427,106.81236358104827,['secondary'],875.6
788,381,238,-6.242724124244427,106.81236358104827,['secondary'],875.6
789,63,367,-6.2826360740568665,106.82723810038827,['primary'],876.2
790,486,487,-6.305610923863397,106.80358076451813,['motorway'],887.3
791,133,324,-6.232299400639736,106.78865052665698,['trunk'],892.5
792,209,211,-6.269902010392252,106.77511462141211,['secondary'],897.9
793,284,279,-6.28512351062772,106.7715251288244,['trunk'],898.9
794,211,209,-6.269921672355777,106.7751796850352,['secondary'],901.6
795,84,85,-6.243238303477016,106.84252215837931,['trunk'],906.0
796,77,78,-6.2323152934421575,106.82150413350499,['trunk'],907.0
797,341,243,-6.221558393453674,106.8321083650409,['primary'],914.7
798,8,12,-6.330278431197288,106.83512252302083,['primary'],925.1
799,467,455,-6.250392738127097,106.76262355026006,['motorway_link'],930.8
800,87,86,-6.23380141781412,106.84433074427382,['primary'],934.0
801,223,224,-6.242966521129565,106.85248499236079,['trunk'],935.3
802,63,32,-6.289991031008145,106.8242434416228,['primary'],940.7
803,114,116,-6.235039529236547,106.80759779888477,['secondary'],941.2
804,32,63,-6.289899617916421,106.82411650653609,['primary'],944.4
805,135,134,-6.249968962274833,106.79747696744784,['primary'],945.3
806,86,87,-6.233781557462078,106.84419924995184,['primary'],948.2
807,11,7,-6.326541816496081,106.81950357607859,['secondary'],948.5
808,7,11,-6.326541816496081,106.81950357607859,['secondary'],948.5
809,134,135,-6.249932853110928,106.79757237429722,['primary'],954.8
810,420,215,-6.212834766754486,106.83446049339959,['secondary'],956.5
811,215,420,-6.212834766754486,106.83446049339959,['secondary'],956.5
812,425,426,-6.262886802465164,106.85189990166117,['secondary'],956.7
813,426,425,-6.262886802465164,106.85189990166117,['secondary'],956.7
814,376,372,-6.282267192118837,106.80728992193535,['primary'],957.6
815,185,106,-6.239676180888592,106.81904464716366,['primary'],962.1
816,459,461,-6.247212247416717,106.76013026531665,['motorway'],969.6
817,390,309,-6.254252767488811,106.76926076323014,['secondary'],982.1
818,309,390,-6.254252767488811,106.76926076323014,['secondary'],982.1
819,200,201,-6.312253772441325,106.81319529272442,['secondary'],988.3
820,122,125,-6.233225989970222,106.79857535546098,['primary'],990.2
821,479,358,-6.23809108331358,106.77422534730675,['primary'],992.7
822,358,479,-6.238183034084712,106.77422798925652,['primary'],994.3
823,111,185,-6.239867003366744,106.8191469107976,['primary'],995.2
824,130,133,-6.225578711356455,106.78805300296362,['primary'],1006.4
825,49,53,-6.284688672298617,106.7802468873435,['trunk'],1020.6
826,279,281,-6.278080792037742,106.76911553077636,['motorway_link'],1022.1
827,413,25,-6.2911994500373005,106.84250542852698,['primary'],1028.4
828,1,3,-6.34878000476204,106.8329750421243,['primary'],1036.5
829,232,230,-6.253389025455947,106.83779860973543,['secondary'],1038.2
830,230,232,-6.253389025455947,106.83779860973543,['secondary'],1038.2
831,32,64,-6.298309126131832,106.82119855323603,['secondary'],1046.4
832,64,32,-6.298284253815853,106.8210443833241,['secondary'],1048.6
833,286,284,-6.293644006862649,106.77197997929167,['secondary'],1052.3
834,284,286,-6.293644006862649,106.77197997929167,['secondary'],1052.3
835,444,445,-6.28961822767933,106.77917996554791,['motorway'],1055.7
836,251,77,-6.225003203549317,106.81649587792447,['trunk'],1058.7
837,401,402,-6.270837538306069,106.76025179515543,['secondary'],1065.2
838,402,401,-6.270837538306069,106.76025179515543,['secondary'],1065.2
839,488,173,-6.291065029683125,106.80541285039214,['motorway_link'],1067.9
840,481,482,-6.304459715437153,106.85203911975397,['motorway'],1096.7
841,359,95,-6.208296147098753,106.84437828351517,['primary' 'primary_link'],1103.1
842,421,67,-6.297314867383257,106.82934978557948,['motorway'],1124.8
843,304,305,-6.2814710807897844,106.77222710688812,['motorway'],1133.4
844,12,1,-6.3397439915539335,106.83557587469774,['secondary'],1135.3
845,456,310,-6.26099736649992,106.7667472906744,['motorway'],1158.2
846,67,176,-6.297246349365849,106.82956554681755,['motorway'],1159.4
847,372,375,-6.277853308692176,106.80286152789915,['secondary'],1167.3
848,375,372,-6.277853308692176,106.80286152789915,['secondary'],1167.3
849,261,255,-6.228556428284914,106.81854969859216,['motorway'],1180.0
850,315,318,-6.277942116079659,106.8456249377161,['primary'],1181.4
851,28,10,-6.298998830457108,106.83193688942319,['trunk'],1185.5
852,305,54,-6.289397696575397,106.77909790621715,['motorway'],1190.3
853,153,407,-6.2552856642404135,106.7904211767228,['secondary'],1219.4
854,407,153,-6.2552856642404135,106.7904211767228,['secondary'],1219.4
855,262,263,-6.209693222265955,106.82157282728065,['primary'],1220.1
856,368,33,-6.292217499514153,106.81617463873924,['motorway'],1220.8
857,204,201,-6.306025763350413,106.81629976256434,['secondary'],1221.4
858,201,204,-6.306025763350413,106.81629976256434,['secondary'],1221.4
859,119,383,-6.246166808445204,106.80505224232218,['primary'],1228.9
860,446,225,-6.2433715641798315,106.84561890906747,['motorway'],1231.7
861,175,177,-6.292378630024646,106.81622244591081,['motorway'],1274.1
862,466,463,-6.235903260272794,106.7565432630753,['motorway'],1281.3
863,2,422,-6.3375464357278,106.8344568163358,['primary'],1283.9
864,306,308,-6.261584936192189,106.76687323866328,['motorway'],1286.8
865,202,200,-6.32126732816186,106.81109682061,['secondary'],1303.9
866,200,202,-6.32126732816186,106.81109682061,['secondary'],1303.9
867,450,83,-6.243383644830499,106.85504767421952,['trunk'],1304.7
868,89,273,-6.229698268472307,106.8529992765166,['secondary'],1333.4
869,273,89,-6.229698268472307,106.8529992765166,['secondary'],1333.4
870,344,345,-6.22394493207289,106.84541417655707,['primary'],1339.8
871,337,347,-6.224294146883285,106.8449091105372,['primary'],1342.1
872,313,227,-6.243480106723105,106.8451500076652,['motorway'],1345.6
873,424,389,-6.2638291477411805,106.79725453711644,['primary'],1351.8
874,458,459,-6.237172832004174,106.75738543911447,['motorway'],1353.1
875,110,228,-6.248287248656812,106.82643466615949,['primary'],1361.9
876,228,229,-6.248255007501171,106.82628758715921,['primary'],1366.3
877,295,397,-6.25580481634577,106.78175185250834,['trunk'],1375.7
878,174,302,-6.292318717714947,106.79495506238432,['motorway'],1390.2
879,13,14,-6.315182408531011,106.83648199879087,['primary'],1419.9
880,91,90,-6.221523547109312,106.84649906556297,['primary'],1424.1
881,11,203,-6.321077580774741,106.81418227494244,['secondary'],1426.3
882,203,11,-6.321077580774742,106.81418227494244,['secondary'],1426.3
883,90,91,-6.221515475185512,106.84656886445259,['primary'],1427.6
884,53,170,-6.274012319157042,106.782453695357,['trunk'],1429.3
885,5,7,-6.330637152770687,106.82824532023672,['secondary'],1436.6
886,7,5,-6.330637152770687,106.82824532023672,['secondary'],1436.6
887,170,53,-6.274083911186057,106.78254191032273,['trunk'],1445.3
888,491,410,-6.28617692511937,106.83390802475397,['secondary'],1468.8
889,410,491,-6.286119388208391,106.83391207169612,['secondary'],1469.9
890,478,476,-6.257013077421018,106.75964166919837,['secondary'],1476.9
891,476,478,-6.257013077421018,106.75964166919837,['secondary'],1476.9
892,100,102,-6.26965124863799,106.8309331375134,['primary'],1485.1
893,169,207,-6.270380349913984,106.77873676558225,['secondary'],1487.7
894,207,169,-6.270380349913984,106.77873676558225,['secondary'],1487.7
895,443,172,-6.292163471629335,106.79575241331072,['motorway'],1507.4
896,176,74,-6.302979590220577,106.84023659239867,['motorway'],1537.9
897,400,439,-6.244598182481191,106.75934441789406,['primary'],1558.6
898,246,261,-6.236941661356256,106.82736423891124,['motorway'],1560.4
899,50,41,-6.291973324360191,106.78769540573977,['trunk'],1570.3
900,482,421,-6.303092017902644,106.84003750233475,['motorway'],1579.3
901,271,187,-6.229326043784442,106.81888824996068,['trunk'],1603.6
902,41,45,-6.292477371410047,106.78753150231356,['trunk'],1608.7
903,442,486,-6.302185401182612,106.8036094726576,['motorway'],1647.9
904,445,281,-6.280379683685765,106.77104692712754,['motorway'],1675.8
905,389,135,-6.262063354976117,106.79659601428904,['primary'],1763.8
906,32,65,-6.297183217767424,106.82975637036452,['trunk'],1809.2
907,102,104,-6.267754279469135,106.83086392656777,['primary'],1916.0
908,314,315,-6.264448429709953,106.843487846494,['primary'],1997.8
909,205,202,-6.334803956478889,106.806714207805,['secondary'],2031.8
910,202,205,-6.334803956478889,106.806714207805,['secondary'],2031.8
911,79,82,-6.237366890545537,106.82829304064167,['motorway'],2254.1
912,379,380,-6.259459945524856,106.80805798596569,['primary'],2512.0
913,380,379,-6.259372474005275,106.80816875072854,['primary'],2530.4
914,100,101,-6.270853019303563,106.83788583555898,['secondary'],2628.1
915,101,100,-6.270853019303563,106.83788583555898,['secondary'],2628.1
916,101,314,-6.267114930738617,106.8448201967193,['primary'],2674.0
917,383,373,-6.264451168898521,106.80842178441705,['primary'],3431.8
918,374,377,-6.262004931102557,106.80824468393587,['primary'],3440.6
919,7,10,-6.31132141367935,106.82604068868557,['secondary'],3662.4
920,10,7,-6.31132141367935,106.82604068868557,['secondary'],3662.4
